/*
 Navicat Premium Data Transfer

 Source Server         : localhost
 Source Server Type    : MySQL
 Source Server Version : 50516
 Source Host           : localhost:3306
 Source Schema         : mydb02

 Target Server Type    : MySQL
 Target Server Version : 50516
 File Encoding         : 65001

 Date: 13/03/2022 19:32:33
*/

SET NAMES utf8mb4;
SET FOREIGN_KEY_CHECKS = 0;

-- ----------------------------
-- Table structure for category
-- ----------------------------
DROP TABLE IF EXISTS `category`;
CREATE TABLE `category`  (
  `category_id` int(11) NOT NULL AUTO_INCREMENT COMMENT '主键 分类id主键',
  `category_name` varchar(32) CHARACTER SET utf8 COLLATE utf8_general_ci NOT NULL COMMENT '分类名称 分类名称',
  `category_level` int(11) NOT NULL COMMENT '分类层级 分类得类型，\n1:一级大分类\n2:二级分类\n3:三级小分类',
  `parent_id` int(11) NOT NULL COMMENT '父层级id 父id 上一级依赖的id，1级分类则为0，二级三级分别依赖上一级',
  PRIMARY KEY (`category_id`) USING BTREE
) ENGINE = InnoDB AUTO_INCREMENT = 184 CHARACTER SET = utf8 COLLATE = utf8_general_ci COMMENT = '商品分类' ROW_FORMAT = COMPACT;

-- ----------------------------
-- Records of category
-- ----------------------------
INSERT INTO `category` VALUES (1, '家用电器', 1, 0);
INSERT INTO `category` VALUES (2, '医疗保健', 1, 0);
INSERT INTO `category` VALUES (3, '食品|酒类|生鲜|特产', 1, 0);
INSERT INTO `category` VALUES (4, '男鞋|运动|户外', 1, 0);
INSERT INTO `category` VALUES (5, '女鞋|箱包|钟表|珠宝', 1, 0);
INSERT INTO `category` VALUES (6, '美妆|个护清洁|宠物', 1, 0);
INSERT INTO `category` VALUES (7, '男装|女装|童装|内衣', 1, 0);
INSERT INTO `category` VALUES (8, '家居|家具|家装|厨具', 1, 0);
INSERT INTO `category` VALUES (9, '电脑|办公', 1, 0);
INSERT INTO `category` VALUES (10, '手机|运营商|数码', 1, 0);
INSERT INTO `category` VALUES (11, '机票|酒店|旅行生活', 1, 0);
INSERT INTO `category` VALUES (12, '理财|众筹|保险', 1, 0);
INSERT INTO `category` VALUES (13, '安装|维修|清洗|二手工业品', 1, 0);
INSERT INTO `category` VALUES (14, '电视', 2, 1);
INSERT INTO `category` VALUES (15, '空调', 2, 1);
INSERT INTO `category` VALUES (16, '洗衣机', 2, 1);
INSERT INTO `category` VALUES (17, '冰箱', 2, 1);
INSERT INTO `category` VALUES (18, '厨房电器', 2, 1);
INSERT INTO `category` VALUES (19, '手机通讯', 2, 10);
INSERT INTO `category` VALUES (20, '运营商', 2, 10);
INSERT INTO `category` VALUES (21, '数码配件', 2, 10);
INSERT INTO `category` VALUES (22, '电脑整机', 2, 9);
INSERT INTO `category` VALUES (23, '电脑配件', 2, 9);
INSERT INTO `category` VALUES (24, '办公设备', 2, 9);
INSERT INTO `category` VALUES (25, '文具', 2, 9);
INSERT INTO `category` VALUES (26, '厨具', 2, 8);
INSERT INTO `category` VALUES (27, '家纺', 2, 8);
INSERT INTO `category` VALUES (28, '生活日用', 2, 8);
INSERT INTO `category` VALUES (29, '家装软饰', 2, 8);
INSERT INTO `category` VALUES (30, '家具', 2, 8);
INSERT INTO `category` VALUES (31, '女装', 2, 7);
INSERT INTO `category` VALUES (32, '男装', 2, 7);
INSERT INTO `category` VALUES (33, '童装', 2, 7);
INSERT INTO `category` VALUES (34, '内衣', 2, 7);
INSERT INTO `category` VALUES (35, '面部护肤', 2, 6);
INSERT INTO `category` VALUES (36, '香水彩妆', 2, 6);
INSERT INTO `category` VALUES (37, '男士护肤', 2, 6);
INSERT INTO `category` VALUES (38, '洗发护发', 2, 6);
INSERT INTO `category` VALUES (39, '时尚女鞋', 2, 5);
INSERT INTO `category` VALUES (40, '潮流女包', 2, 5);
INSERT INTO `category` VALUES (41, '精品男包', 2, 5);
INSERT INTO `category` VALUES (42, '功能箱包', 2, 5);
INSERT INTO `category` VALUES (43, '钟表', 2, 5);
INSERT INTO `category` VALUES (44, '珠宝首饰', 2, 5);
INSERT INTO `category` VALUES (45, '潮流男鞋', 2, 4);
INSERT INTO `category` VALUES (46, '运动鞋包', 2, 4);
INSERT INTO `category` VALUES (47, '体育用品', 2, 4);
INSERT INTO `category` VALUES (49, '户外鞋服', 2, 4);
INSERT INTO `category` VALUES (50, '食品', 2, 3);
INSERT INTO `category` VALUES (51, '酒类', 2, 3);
INSERT INTO `category` VALUES (52, '生鲜', 2, 3);
INSERT INTO `category` VALUES (53, '特产', 2, 3);
INSERT INTO `category` VALUES (54, '中西药品', 2, 2);
INSERT INTO `category` VALUES (55, '滋补养生', 2, 2);
INSERT INTO `category` VALUES (56, '保健器材', 2, 2);
INSERT INTO `category` VALUES (57, '交通出行', 2, 11);
INSERT INTO `category` VALUES (58, '酒店预订', 2, 11);
INSERT INTO `category` VALUES (59, '旅游度假', 2, 11);
INSERT INTO `category` VALUES (60, '生活缴费', 2, 11);
INSERT INTO `category` VALUES (61, '理财', 2, 12);
INSERT INTO `category` VALUES (62, '众筹', 2, 12);
INSERT INTO `category` VALUES (63, '保险', 2, 12);
INSERT INTO `category` VALUES (64, '家电安装', 2, 13);
INSERT INTO `category` VALUES (65, '家电维修', 2, 13);
INSERT INTO `category` VALUES (67, '二手奢品', 2, 13);
INSERT INTO `category` VALUES (68, '二手好物', 2, 13);
INSERT INTO `category` VALUES (69, '全面屏电视', 3, 14);
INSERT INTO `category` VALUES (70, '4k超清电视', 3, 14);
INSERT INTO `category` VALUES (71, '空调挂机', 3, 15);
INSERT INTO `category` VALUES (72, '空调柜机', 3, 15);
INSERT INTO `category` VALUES (73, '空调套装', 3, 15);
INSERT INTO `category` VALUES (74, '滚筒洗衣机', 3, 16);
INSERT INTO `category` VALUES (75, '洗烘一体机', 3, 16);
INSERT INTO `category` VALUES (76, '双门', 3, 17);
INSERT INTO `category` VALUES (77, '多门', 3, 17);
INSERT INTO `category` VALUES (78, '冰柜', 3, 17);
INSERT INTO `category` VALUES (79, '油烟机', 3, 18);
INSERT INTO `category` VALUES (80, '集成灶', 3, 18);
INSERT INTO `category` VALUES (81, '消毒柜', 3, 18);
INSERT INTO `category` VALUES (82, '热水器', 3, 18);
INSERT INTO `category` VALUES (83, '手机', 3, 19);
INSERT INTO `category` VALUES (84, '游戏机', 3, 19);
INSERT INTO `category` VALUES (85, '全面屏手机', 3, 19);
INSERT INTO `category` VALUES (86, '中国移动', 3, 20);
INSERT INTO `category` VALUES (87, '中国联通', 3, 20);
INSERT INTO `category` VALUES (88, '中国电信', 3, 20);
INSERT INTO `category` VALUES (89, '存储卡', 3, 21);
INSERT INTO `category` VALUES (90, '照相机', 3, 21);
INSERT INTO `category` VALUES (91, '读卡器', 3, 21);
INSERT INTO `category` VALUES (92, '笔记本', 3, 22);
INSERT INTO `category` VALUES (93, '游戏本', 3, 22);
INSERT INTO `category` VALUES (94, '平板电脑', 3, 22);
INSERT INTO `category` VALUES (95, '显示器', 3, 23);
INSERT INTO `category` VALUES (96, '主板', 3, 23);
INSERT INTO `category` VALUES (97, '显卡', 3, 23);
INSERT INTO `category` VALUES (98, '投影机', 3, 24);
INSERT INTO `category` VALUES (99, '打印机', 3, 24);
INSERT INTO `category` VALUES (100, '笔类', 3, 25);
INSERT INTO `category` VALUES (101, '本册/便签', 3, 25);
INSERT INTO `category` VALUES (102, '碗碟套装', 3, 26);
INSERT INTO `category` VALUES (103, '水具酒具', 3, 26);
INSERT INTO `category` VALUES (104, '四件套', 3, 27);
INSERT INTO `category` VALUES (105, '床垫/床褥', 3, 27);
INSERT INTO `category` VALUES (106, '收纳用具', 3, 28);
INSERT INTO `category` VALUES (107, '浴室用具', 3, 28);
INSERT INTO `category` VALUES (108, '装饰摆件', 3, 29);
INSERT INTO `category` VALUES (109, '节庆饰品', 3, 29);
INSERT INTO `category` VALUES (110, '沙发', 3, 30);
INSERT INTO `category` VALUES (111, '床', 3, 30);
INSERT INTO `category` VALUES (112, '当季热卖', 3, 31);
INSERT INTO `category` VALUES (113, '新品推荐', 3, 31);
INSERT INTO `category` VALUES (114, '明星同款', 3, 31);
INSERT INTO `category` VALUES (115, '新品推荐', 3, 32);
INSERT INTO `category` VALUES (116, '时尚套装', 3, 32);
INSERT INTO `category` VALUES (117, '套装', 3, 33);
INSERT INTO `category` VALUES (118, '卫衣', 3, 33);
INSERT INTO `category` VALUES (119, '睡衣/家居服', 3, 34);
INSERT INTO `category` VALUES (120, '秋衣秋裤', 3, 34);
INSERT INTO `category` VALUES (121, '美白', 3, 35);
INSERT INTO `category` VALUES (122, '防晒', 3, 35);
INSERT INTO `category` VALUES (123, '彩妆工具', 3, 36);
INSERT INTO `category` VALUES (124, '香水', 3, 36);
INSERT INTO `category` VALUES (125, '控油', 3, 37);
INSERT INTO `category` VALUES (126, '洁面', 3, 37);
INSERT INTO `category` VALUES (127, '洗发水', 3, 38);
INSERT INTO `category` VALUES (128, '护发素', 3, 38);
INSERT INTO `category` VALUES (129, '新品推荐', 3, 39);
INSERT INTO `category` VALUES (130, '休闲鞋', 3, 39);
INSERT INTO `category` VALUES (131, '单肩包', 3, 40);
INSERT INTO `category` VALUES (132, '钱包', 3, 40);
INSERT INTO `category` VALUES (133, '卡包/零钱包', 3, 40);
INSERT INTO `category` VALUES (134, '男士钱包', 3, 41);
INSERT INTO `category` VALUES (135, '商务公文包', 3, 41);
INSERT INTO `category` VALUES (136, '拉杆箱', 3, 42);
INSERT INTO `category` VALUES (137, '旅行包', 3, 42);
INSERT INTO `category` VALUES (138, '天梭', 3, 43);
INSERT INTO `category` VALUES (139, '卡西欧', 3, 43);
INSERT INTO `category` VALUES (140, '黄金', 3, 44);
INSERT INTO `category` VALUES (141, '钻石', 3, 44);
INSERT INTO `category` VALUES (142, '新品推荐', 3, 45);
INSERT INTO `category` VALUES (143, '休闲鞋', 3, 45);
INSERT INTO `category` VALUES (144, '运动包', 3, 46);
INSERT INTO `category` VALUES (145, '跑步鞋', 3, 46);
INSERT INTO `category` VALUES (146, '球类', 3, 47);
INSERT INTO `category` VALUES (147, '体育服务', 3, 47);
INSERT INTO `category` VALUES (148, '户外服饰', 3, 49);
INSERT INTO `category` VALUES (149, '户外鞋类', 3, 49);
INSERT INTO `category` VALUES (150, '饼干', 3, 50);
INSERT INTO `category` VALUES (151, '肉类', 3, 50);
INSERT INTO `category` VALUES (152, '白酒', 3, 51);
INSERT INTO `category` VALUES (153, '葡萄酒', 3, 51);
INSERT INTO `category` VALUES (154, '鱼类', 3, 52);
INSERT INTO `category` VALUES (155, '虾蟹类', 3, 52);
INSERT INTO `category` VALUES (156, '北京', 3, 53);
INSERT INTO `category` VALUES (157, '湖北', 3, 53);
INSERT INTO `category` VALUES (158, '感冒咳嗽', 3, 54);
INSERT INTO `category` VALUES (159, '止痛镇痛', 3, 54);
INSERT INTO `category` VALUES (160, '阿胶', 3, 55);
INSERT INTO `category` VALUES (161, '燕窝', 3, 55);
INSERT INTO `category` VALUES (162, '国内机票', 3, 57);
INSERT INTO `category` VALUES (163, '国际机票', 3, 57);
INSERT INTO `category` VALUES (164, '国内酒店', 3, 58);
INSERT INTO `category` VALUES (165, '国际酒店', 3, 58);
INSERT INTO `category` VALUES (166, '国内旅游', 3, 59);
INSERT INTO `category` VALUES (167, '出境旅游', 3, 59);
INSERT INTO `category` VALUES (168, '水费', 3, 60);
INSERT INTO `category` VALUES (169, '电费', 3, 60);
INSERT INTO `category` VALUES (170, '基金理财', 3, 61);
INSERT INTO `category` VALUES (171, '定期理财', 3, 61);
INSERT INTO `category` VALUES (172, '公益', 3, 62);
INSERT INTO `category` VALUES (173, '其他权益众筹', 3, 62);
INSERT INTO `category` VALUES (174, '人寿险', 3, 63);
INSERT INTO `category` VALUES (175, '财产险', 3, 63);
INSERT INTO `category` VALUES (176, '空调安装', 3, 64);
INSERT INTO `category` VALUES (177, '电视安装', 3, 64);
INSERT INTO `category` VALUES (178, '空调维修', 3, 65);
INSERT INTO `category` VALUES (179, '电视维修', 3, 65);
INSERT INTO `category` VALUES (180, '饰品', 3, 67);
INSERT INTO `category` VALUES (181, '钟表', 3, 67);
INSERT INTO `category` VALUES (182, '二手数码', 3, 68);
INSERT INTO `category` VALUES (183, '二手书', 3, 68);

-- ----------------------------
-- Table structure for product
-- ----------------------------
DROP TABLE IF EXISTS `product`;
CREATE TABLE `product`  (
  `product_id` int(64) NOT NULL AUTO_INCREMENT COMMENT '商品主键id',
  `product_name` varchar(255) CHARACTER SET utf8 COLLATE utf8_general_ci NOT NULL COMMENT '商品名称 商品名称',
  `category_id` int(11) NOT NULL COMMENT '分类外键id 分类id',
  `product_count` int(11) NOT NULL COMMENT '库存',
  `product_status` int(11) NOT NULL DEFAULT 1 COMMENT '默认是1，表示正常状态, -1表示删除, 0下架 默认是1，表示正常状态, -1表示删除, 0下架',
  `create_time` varchar(255) CHARACTER SET utf8 COLLATE utf8_general_ci NOT NULL COMMENT '创建时间',
  `default_img` varchar(255) CHARACTER SET utf8 COLLATE utf8_general_ci NOT NULL DEFAULT '默认图片',
  `product_price` double NOT NULL,
  `discount_price` double NULL DEFAULT 0,
  `sellout` int(11) NULL DEFAULT 100,
  `commentcount` int(255) NULL DEFAULT 1,
  `product_desc` varchar(255) CHARACTER SET utf8 COLLATE utf8_general_ci NULL DEFAULT NULL,
  PRIMARY KEY (`product_id`) USING BTREE
) ENGINE = InnoDB AUTO_INCREMENT = 693 CHARACTER SET = utf8 COLLATE = utf8_general_ci COMMENT = '商品 商品信息相关表：分类表，商品图片表，商品规格表，商品参数表' ROW_FORMAT = COMPACT;

-- ----------------------------
-- Records of product
-- ----------------------------
INSERT INTO `product` VALUES (121, 'NB P6(45-75英寸)电视挂架电视壁挂架电视支架旋转伸缩架子小米荣耀智慧屏海信创维长虹等大部分电视通用', 69, 36, 1, '2021-12-27 13:31:06', 'jiadian1.jpg', 188, 150.4, 4005, 1079, NULL);
INSERT INTO `product` VALUES (122, '多奈屋 电视挂架（26-63英寸）通用电视支架小米海信创维索尼乐视康佳TCL海尔华为智慧屏 固定电视壁挂架支架', 69, 128, 1, '2021-12-27 13:31:06', 'jiadian2.jpg', 33.4, 26.72, 3875, 5740, NULL);
INSERT INTO `product` VALUES (123, '多奈屋 电视挂架40-80英寸通用电视壁挂架 倾角可调挂墙支架创维海尔夏普TCL康佳海信智慧屏小米电视挂架支架', 69, 162, 1, '2021-12-27 13:31:06', 'jiadian3.jpg', 139, 111.2, 6432, 9153, NULL);
INSERT INTO `product` VALUES (124, '多奈屋 电视挂架40-75英寸通用 小米电视机支架挂架 创维海尔夏普TCL康佳海信华为荣耀智慧屏通用电视架', 69, 57, 1, '2021-12-27 13:31:07', 'jiadian4.jpg', 55.3, 44.24, 8144, 1871, NULL);
INSERT INTO `product` VALUES (125, '多奈屋 移动电视支架32-75英寸通用落地电视挂架 会议平板智慧屏移动推车小米创维TCL海信康佳长虹华为支架', 69, 103, 1, '2021-12-27 13:31:07', 'jiadian5.jpg', 399, 319.2, 6100, 7619, NULL);
INSERT INTO `product` VALUES (126, '多奈屋 电视挂架32-65英寸通用电视壁挂架 15°俯仰可调挂墙支架创维海尔TCL康佳海信小米华为智慧屏电视架', 69, 58, 1, '2021-12-27 13:31:07', 'jiadian6.jpg', 79, 63.2, 3552, 4144, NULL);
INSERT INTO `product` VALUES (127, 'NB P6(45-75英寸)电视挂架电视壁挂架电视支架旋转伸缩架子小米荣耀智慧屏海信创维长虹等大部分电视通用', 69, 170, 1, '2021-12-27 13:31:07', 'jiadian7.jpg', 188, 150.4, 1568, 9634, NULL);
INSERT INTO `product` VALUES (128, '唱吧K歌宝小巨蛋麦克风G2经典版迪丽热巴同款 无线蓝牙音响一体话筒 儿童娱乐电容麦家庭KTV变音器 麦克风', 69, 137, 1, '2021-12-27 13:31:07', 'jiadian8.jpg', 459, 367.2, 5121, 2380, NULL);
INSERT INTO `product` VALUES (129, '海尔 （Haier） LU55J71 55英寸超薄声控全面屏 4K超高清8K解码 平板液晶教育电视机2+16G 以旧换新', 69, 75, 1, '2021-12-27 13:31:07', 'jiadian9.jpg', 1899, 1519.2, 9640, 1458, NULL);
INSERT INTO `product` VALUES (130, '多奈屋 电视挂架（26-63英寸）通用电视支架小米海信创维索尼乐视康佳TCL海尔华为智慧屏 固定电视壁挂架支架', 69, 188, 1, '2021-12-27 13:31:08', 'jiadian10.jpg', 33.4, 26.72, 1345, 3800, NULL);
INSERT INTO `product` VALUES (131, '索爱（soaiy）MC8 全民k歌手机麦克风话筒 唱吧录音主播声卡套装唱歌神器音响一体无线蓝牙家庭ktv 少女粉', 69, 129, 1, '2021-12-27 13:31:08', 'jiadian11.jpg', 79, 63.2, 4542, 7754, NULL);
INSERT INTO `product` VALUES (132, '小米电视 E65X 65英寸 全面屏 4K HDR超高清 蓝牙语音遥控 2.4G/5G 内置小爱同学智能网络教育电视L65M5-EA', 69, 98, 1, '2021-12-27 13:31:08', 'jiadian12.jpg', 2599, 2079.2, 1782, 8246, NULL);
INSERT INTO `product` VALUES (133, '多奈屋洗衣机底座 滚筒波轮加高洗衣机移动架冰箱底座架托架 美的海尔小天鹅海信增高防潮支架 4双轮8脚', 69, 85, 1, '2021-12-27 13:31:08', 'jiadian13.jpg', 85.5, 68.4, 4209, 7928, NULL);
INSERT INTO `product` VALUES (134, '悦米(YM) 小米生态无线麦克风 全民K歌宝 蓝牙音响 话筒 唱放一体 小蜜蜂F001【不支持电视】', 69, 71, 1, '2021-12-27 13:31:08', 'jiadian14.jpg', 149, 119.2, 5090, 3552, NULL);
INSERT INTO `product` VALUES (135, '东芝（TOSHIBA）55M540F 55英寸 4K超高清 130%高色域 火箭炮声场 液晶电视 AI远近场双声控 HDR 无边全面屏', 69, 157, 1, '2021-12-27 13:31:08', 'jiadian15.jpg', 3999, 3199.2, 9104, 6380, NULL);
INSERT INTO `product` VALUES (136, '严觅（Yanmibest）冰箱除味盒保鲜除味盒性炭包冰箱除味剂除异味碳包', 69, 51, 1, '2021-12-27 13:31:08', 'jiadian16.jpg', 19.9, 15.92, 6021, 7375, NULL);
INSERT INTO `product` VALUES (137, '创维（SKYWORTH）70A9 70英寸 4K超高清 MEMC防抖 大屏影音 教育电视 2+32G内存 远场语音', 69, 112, 1, '2021-12-27 13:31:09', 'jiadian17.jpg', 3599, 2879.2, 2289, 6610, NULL);
INSERT INTO `product` VALUES (138, '长虹 55D5P 55英寸智慧屏教育电视 AI声控 远场语音 2+16GB 4K超高清 超薄全面屏 平板液晶电视机 以旧换新', 69, 182, 1, '2021-12-27 13:31:09', 'jiadian18.jpg', 2099, 1679.2, 3943, 9072, NULL);
INSERT INTO `product` VALUES (139, 'TCL电视 55T7D 55英寸 高色域全场景AI电视 130%高色域 4K超薄金属全面屏 液晶网络智能电视机 以旧换新', 69, 131, 1, '2021-12-27 13:31:09', 'jiadian19.jpg', 2699, 2159.2, 4569, 2039, NULL);
INSERT INTO `product` VALUES (140, '夏普（SHARP）42M3RA 42英寸 全高清 日本原装面板FHD杜比音效 智能UI 智能WIFI网络液晶电视机', 69, 158, 1, '2021-12-27 13:31:09', 'jiadian20.jpg', 1799, 1439.2, 1810, 8356, NULL);
INSERT INTO `product` VALUES (141, '飞利浦（PHILIPS）70英寸16G全面屏4K超高清杜比全景声影音大屏网络智能电视70PUF7295京东小家智能生态', 69, 124, 1, '2021-12-27 13:31:09', 'jiadian21.jpg', 3699, 2959.2, 8366, 2350, NULL);
INSERT INTO `product` VALUES (142, '长虹 75D4PS 75英寸超薄无边全面屏 2+16GB 智能语音 4K超高清 手机投屏 教育电视 平板液晶电视机 以旧换新', 69, 148, 1, '2021-12-27 13:31:09', 'jiadian22.jpg', 3799, 3039.2, 4881, 1704, NULL);
INSERT INTO `product` VALUES (143, '海信（Hisense）65E3F-PRO 65英寸 4K HDR智慧屏 2+32GB AI声控 MEMC超薄全面屏液晶智能教育电视机 以旧换新', 69, 113, 1, '2021-12-27 13:31:10', 'jiadian23.jpg', 3368, 2694.4, 4427, 4796, NULL);
INSERT INTO `product` VALUES (144, '酷开 创维智慧屏 C70 70英寸4K 免遥控声控 光学防蓝光 2+32G MEMC防抖 护眼教育电视 以旧换新液晶电视70C70', 69, 86, 1, '2021-12-27 13:31:10', 'jiadian24.jpg', 3199, 2559.2, 4408, 5140, NULL);
INSERT INTO `product` VALUES (145, '小米电视 A65 65英寸4K HDR超高清 立体声澎湃音效 智能网络教育电视L65R6-A红米 Redmi 电视', 69, 62, 1, '2021-12-27 13:50:06', 'jiadian1.jpg', 2599, 2079.2, 4269, 3801, NULL);
INSERT INTO `product` VALUES (146, '夏普（SHARP）4T-C86E7CA 86英寸 4K超高清HDR智能BT蓝牙网络液晶大屏平板电视 二级能效 2GB+32G', 69, 86, 1, '2021-12-27 13:50:06', 'jiadian2.jpg', 17999, 14399.2, 7313, 5065, NULL);
INSERT INTO `product` VALUES (147, '飞利浦（PHILIPS）65英寸全面屏4K超高清教育大屏 AI语音8G网络智能电视65PUF7294京东小家智能生态', 69, 19, 1, '2021-12-27 13:50:07', 'jiadian3.jpg', 3199, 2559.2, 7569, 7905, NULL);
INSERT INTO `product` VALUES (148, '长虹 55D5P 55英寸智慧屏教育电视 AI声控 远场语音 2+16GB 4K超高清 超薄全面屏 平板液晶电视机 以旧换新', 69, 79, 1, '2021-12-27 13:50:07', 'jiadian4.jpg', 2099, 1679.2, 9111, 3758, NULL);
INSERT INTO `product` VALUES (149, '飞利浦（PHILIPS）58英寸 2+32G 智慧全面屏 4K超高清 教育投屏 蓝牙 网络智能液晶电视58PUF7395 以旧换新', 69, 85, 1, '2021-12-27 13:50:08', 'jiadian5.jpg', 2999, 2399.2, 6904, 2595, NULL);
INSERT INTO `product` VALUES (150, '海尔（Haier）LU75J71 75英寸超薄声控全面屏 4K超高清8K解码 广色域 平板液晶教育电视机2+16G 以旧换新', 69, 86, 1, '2021-12-27 13:50:08', 'jiadian6.jpg', 3899, 3119.2, 8365, 7238, NULL);
INSERT INTO `product` VALUES (151, 'NB P6(45-75英寸)电视挂架电视壁挂架电视支架旋转伸缩架子小米荣耀智慧屏海信创维长虹等大部分电视通用', 69, 70, 1, '2021-12-27 13:50:08', 'jiadian7.jpg', 188, 150.4, 4897, 7924, NULL);
INSERT INTO `product` VALUES (152, '唱吧K歌宝小巨蛋麦克风G2经典版迪丽热巴同款 无线蓝牙音响一体话筒 儿童娱乐电容麦家庭KTV变音器 麦克风', 69, 12, 1, '2021-12-27 13:50:09', 'jiadian8.jpg', 459, 367.2, 7750, 7744, NULL);
INSERT INTO `product` VALUES (153, '海尔 （Haier） LU55J71 55英寸超薄声控全面屏 4K超高清8K解码 平板液晶教育电视机2+16G 以旧换新', 69, 148, 1, '2021-12-27 13:50:09', 'jiadian9.jpg', 1899, 1519.2, 9406, 9762, NULL);
INSERT INTO `product` VALUES (154, '多奈屋 电视挂架（26-63英寸）通用电视支架小米海信创维索尼乐视康佳TCL海尔华为智慧屏 固定电视壁挂架支架', 69, 65, 1, '2021-12-27 13:50:10', 'jiadian10.jpg', 33.4, 26.72, 8062, 8582, NULL);
INSERT INTO `product` VALUES (155, '索爱（soaiy）MC8 全民k歌手机麦克风话筒 唱吧录音主播声卡套装唱歌神器音响一体无线蓝牙家庭ktv 少女粉', 69, 40, 1, '2021-12-27 13:50:10', 'jiadian11.jpg', 79, 63.2, 1217, 5405, NULL);
INSERT INTO `product` VALUES (156, '小米电视 E65X 65英寸 全面屏 4K HDR超高清 蓝牙语音遥控 2.4G/5G 内置小爱同学智能网络教育电视L65M5-EA', 69, 199, 1, '2021-12-27 13:50:11', 'jiadian12.jpg', 2599, 2079.2, 3357, 1407, NULL);
INSERT INTO `product` VALUES (157, '多奈屋 电视挂架40-75英寸通用 小米电视机支架挂架 创维海尔夏普TCL康佳海信华为荣耀智慧屏通用电视架', 69, 164, 1, '2021-12-27 13:50:11', 'jiadian13.jpg', 55.3, 44.24, 6768, 4211, NULL);
INSERT INTO `product` VALUES (158, '多奈屋洗衣机底座 滚筒波轮加高洗衣机移动架冰箱底座架托架 美的海尔小天鹅海信增高防潮支架 4双轮8脚', 69, 117, 1, '2021-12-27 13:50:12', 'jiadian14.jpg', 85.5, 68.4, 3593, 9364, NULL);
INSERT INTO `product` VALUES (159, '悦米(YM) 小米生态无线麦克风 全民K歌宝 蓝牙音响 话筒 唱放一体 小蜜蜂F001【不支持电视】', 69, 190, 1, '2021-12-27 13:50:12', 'jiadian15.jpg', 149, 119.2, 7481, 2454, NULL);
INSERT INTO `product` VALUES (160, '严觅（Yanmibest）冰箱除味盒保鲜除味盒性炭包冰箱除味剂除异味碳包', 69, 181, 1, '2021-12-27 13:50:12', 'jiadian16.jpg', 19.9, 15.92, 4499, 8562, NULL);
INSERT INTO `product` VALUES (161, '东芝（TOSHIBA）55M540F 55英寸 4K超高清 130%高色域 火箭炮声场 液晶电视 AI远近场双声控 HDR 无边全面屏', 69, 105, 1, '2021-12-27 13:50:13', 'jiadian17.jpg', 3999, 3199.2, 3258, 5066, NULL);
INSERT INTO `product` VALUES (162, '创维（SKYWORTH）70A9 70英寸 4K超高清 MEMC防抖 大屏影音 教育电视 2+32G内存 远场语音', 69, 164, 1, '2021-12-27 13:50:13', 'jiadian18.jpg', 3599, 2879.2, 3880, 7067, NULL);
INSERT INTO `product` VALUES (163, '长虹 55D5P 55英寸智慧屏教育电视 AI声控 远场语音 2+16GB 4K超高清 超薄全面屏 平板液晶电视机 以旧换新', 69, 137, 1, '2021-12-27 13:50:14', 'jiadian19.jpg', 2099, 1679.2, 6199, 4889, NULL);
INSERT INTO `product` VALUES (164, 'TCL电视 55T7D 55英寸 高色域全场景AI电视 130%高色域 4K超薄金属全面屏 液晶网络智能电视机 以旧换新', 69, 152, 1, '2021-12-27 13:50:14', 'jiadian20.jpg', 2699, 2159.2, 7359, 6850, NULL);
INSERT INTO `product` VALUES (165, '夏普（SHARP）42M3RA 42英寸 全高清 日本原装面板FHD杜比音效 智能UI 智能WIFI网络液晶电视机', 69, 35, 1, '2021-12-27 13:50:14', 'jiadian21.jpg', 1799, 1439.2, 6213, 6630, NULL);
INSERT INTO `product` VALUES (166, '飞利浦（PHILIPS）70英寸16G全面屏4K超高清杜比全景声影音大屏网络智能电视70PUF7295京东小家智能生态', 69, 114, 1, '2021-12-27 13:50:15', 'jiadian22.jpg', 3699, 2959.2, 9112, 5079, NULL);
INSERT INTO `product` VALUES (167, '长虹 75D4PS 75英寸超薄无边全面屏 2+16GB 智能语音 4K超高清 手机投屏 教育电视 平板液晶电视机 以旧换新', 69, 200, 1, '2021-12-27 13:50:15', 'jiadian23.jpg', 3799, 3039.2, 4872, 3000, NULL);
INSERT INTO `product` VALUES (168, '海信（Hisense）65E3F-PRO 65英寸 4K HDR智慧屏 2+32GB AI声控 MEMC超薄全面屏液晶智能教育电视机 以旧换新', 69, 175, 1, '2021-12-27 13:50:16', 'jiadian24.jpg', 3368, 2694.4, 6861, 8259, NULL);
INSERT INTO `product` VALUES (169, '魅族 18s 8GB+128GB 踏雪 骁龙888+ 2K曲面屏 6400W高清三摄 支持36W快充 5G手机', 83, 155, 1, '2021-12-27 19:41:31', 'shouji1.jpg', 3299, 2639.2, 6599, 6367, NULL);
INSERT INTO `product` VALUES (170, '罗马仕sense6 22.5W超级快充 20000毫安时充电宝20W苹果PD 兼容18W 大容量移动电源适用于苹果安卓华为小米', 83, 116, 1, '2021-12-27 19:41:32', 'shouji2.jpg', 109, 87.2, 5335, 9735, NULL);
INSERT INTO `product` VALUES (171, 'ROG游戏手机5s 16GB+256GB 暗影黑 骁龙888plus 144Hz三星E4屏 2x3双操控肩键 6000mAh电池 5G ROG5s', 83, 177, 1, '2021-12-27 19:41:32', 'shouji3.jpg', 4999, 3999.2, 9204, 4826, NULL);
INSERT INTO `product` VALUES (172, 'UAG适用于iPhone13Promax手机壳苹果13Promax保护套防摔全包气囊防摔硅胶硬壳保护壳男女款【探险者白色】', 83, 181, 1, '2021-12-27 19:41:33', 'shouji4.jpg', 168, 134.4, 9983, 3494, NULL);
INSERT INTO `product` VALUES (173, '一加 OnePlus 9 5G 120Hz 柔性屏8GB+128GB 紫翼 骁龙888 65W快充 哈苏专业模式 超广角拍照游戏手机', 83, 83, 1, '2021-12-27 19:41:33', 'shouji5.jpg', 2799, 2239.2, 8241, 9898, NULL);
INSERT INTO `product` VALUES (174, 'Apple 苹果 iPhone 13 Pro 5G手机 远峰蓝色 全网通 256GB【搭配90天碎屏保障】', 83, 124, 1, '2021-12-27 19:41:33', 'shouji6.jpg', 8686, 6948.8, 2882, 7918, NULL);
INSERT INTO `product` VALUES (175, '小米红米Redmi Note11 新品5G手机 浅梦星河 4GB+128GB 官方标配', 83, 72, 1, '2021-12-27 19:41:34', 'shouji7.jpg', 1169, 935.2, 5693, 1424, NULL);
INSERT INTO `product` VALUES (176, '天语P50pro智能手机幻彩玻璃机身6.2英寸水滴全面屏全网通4G双卡双待电信可用5G卡华为通用接口 海蓝 32GB', 83, 148, 1, '2021-12-27 19:41:34', 'shouji8.jpg', 488, 390.4, 4404, 4845, NULL);
INSERT INTO `product` VALUES (177, '华为智选 优畅享30e 5G手机【大音量大电池】 幻海蓝 4+128GB', 83, 139, 1, '2021-12-27 19:41:34', 'shouji9.jpg', 1179, 943.2, 8652, 5960, NULL);
INSERT INTO `product` VALUES (178, '【1489起】OPPO K9S 新品5G OPPO手机 120Hz屏幕 X轴线性马达 oppok9s 幻紫流沙 6GB+128GB 5G全网通 官方标配', 83, 87, 1, '2021-12-27 19:41:35', 'shouji10.jpg', 1669, 1335.2, 2665, 4193, NULL);
INSERT INTO `product` VALUES (179, 'vivo S10新品 轻薄自拍旗舰 光致变色工艺 天玑1100旗舰处理器 6400万后置三摄 绮光焕彩 8GB 256GB', 83, 146, 1, '2021-12-27 19:41:35', 'shouji11.jpg', 2699, 2159.2, 3564, 5367, NULL);
INSERT INTO `product` VALUES (180, '小米Redmi红米K30 5G手机 王一博同款 6+128G 紫玉幻境【5G全网通】 官方标配【享90天碎屏险】', 83, 51, 1, '2021-12-27 19:41:36', 'shouji12.jpg', 1449, 1159.2, 6334, 9423, NULL);
INSERT INTO `product` VALUES (181, '华为智选 Hi nova 9 Pro 5G全网通 双3200万前置Vlog镜头 100W超级快充 10亿色原色屏 8+256GB幻境森林5g手机', 83, 172, 1, '2021-12-27 19:41:36', 'shouji13.jpg', 4199, 3359.2, 4265, 8859, NULL);
INSERT INTO `product` VALUES (182, '【当日发】Apple 苹果iPhone 13 Pro Max (A2644) 5G手机 远峰蓝色 256GB', 83, 93, 1, '2021-12-27 19:41:36', 'shouji14.jpg', 9598, 7678.4, 9279, 9645, NULL);
INSERT INTO `product` VALUES (183, '【华为智选】U-magic优畅享20 5G 手机【当天发货】 绮境森林 6G+128GB全网通', 83, 198, 1, '2021-12-27 19:41:36', 'shouji15.jpg', 1239, 991.2, 9441, 7653, NULL);
INSERT INTO `product` VALUES (184, 'OPPO A93s 5G新品oppo手机【1759起】90Hz护眼屏a93同款 oppoa93s手机 初夏光海 8GB+256GB【现货速发】 5G全网通 官方标配【1年延保+20红包】', 83, 98, 1, '2021-12-27 19:41:37', 'shouji16.jpg', 1799, 1439.2, 6282, 9780, NULL);
INSERT INTO `product` VALUES (185, '小米11青春版 骁龙780G处理器AMOLED柔性直屏5G手机 清凉薄荷 8GB+128GB', 83, 13, 1, '2021-12-27 19:41:37', 'shouji17.jpg', 1999, 1599.2, 1639, 3033, NULL);
INSERT INTO `product` VALUES (186, '荣耀X30 Max 7.09英寸护眼阳光屏 5000mAh大电池 立体声双扬声器 8G+128G 幻夜黑', 83, 161, 1, '2021-12-27 19:41:37', 'shouji18.jpg', 2399, 1919.2, 7495, 8796, NULL);
INSERT INTO `product` VALUES (187, '飞利浦（PHILIPS ）PH2 智能手机AG磨砂玻璃机身4GB+128GB 6.2英寸水滴全面屏学生电信老人双卡双待 墨石黑', 83, 112, 1, '2021-12-27 19:41:38', 'shouji19.jpg', 779, 623.2, 8855, 1310, NULL);
INSERT INTO `product` VALUES (188, 'vivoX70pro新品专业影像旗舰蔡司专业影像前置3200万高清主摄旗舰芯片拍照游戏 星云 12GB+256GB', 83, 30, 1, '2021-12-27 19:41:38', 'shouji20.jpg', 4299, 3439.2, 6247, 8260, NULL);
INSERT INTO `product` VALUES (189, '华为智选 优畅享20plus 5G手机 翡冷翠 6+128G碎屏险套装', 83, 33, 1, '2021-12-27 19:41:39', 'shouji21.jpg', 1559, 1247.2, 8486, 3427, NULL);
INSERT INTO `product` VALUES (190, 'OPPO Reno7 Pro 5G新品手机【24期免息】超感光镜头65W超级闪充reno7pro Reno7Pro 星夜黑（12G+256G） 5G全网通 官方标配【咨询有礼+优先发货】', 83, 111, 1, '2021-12-27 19:41:39', 'shouji22.jpg', 3999, 3199.2, 8270, 6290, NULL);
INSERT INTO `product` VALUES (191, '金立老人手机4G全网通 移动联通电信版 学生非智能戒网 大字大声大屏双卡超长待机语音王直板按键老年人 红色 移动版【移动卡】', 83, 196, 1, '2021-12-27 19:41:39', 'shouji23.jpg', 99, 79.2, 9845, 3376, NULL);
INSERT INTO `product` VALUES (192, 'Apple 苹果 iPhone 13 (A2634) 全网通 5G手机 128GB 蓝色 官方标配 【搭配 90天品胜碎屏保障】', 83, 60, 1, '2021-12-27 19:41:40', 'shouji24.jpg', 5828, 4662.4, 9243, 5452, NULL);
INSERT INTO `product` VALUES (193, 'realme 真我GT Neo2T 天玑1200-AI 5G处理器 120Hz三星AMOLED屏 65W闪充 8+128GB 釉白 5G手机', 83, 164, 1, '2021-12-27 19:41:40', 'shouji25.jpg', 2099, 1679.2, 3540, 5264, NULL);
INSERT INTO `product` VALUES (194, '魅族 18s Pro 12GB+256GB 飞雪流光 5G 骁龙888+ 支持40W无线超充 2K曲面屏 AR全场景大师影像系统 拍照手机', 83, 198, 1, '2021-12-27 19:41:41', 'shouji26.jpg', 5399, 4319.2, 1260, 6164, NULL);
INSERT INTO `product` VALUES (195, 'vivo T1x 天玑900 5000mAh大电池44W闪充 6400万超清影像 双模5G全网通手机 8G+128G虹彩 标配', 83, 119, 1, '2021-12-27 19:41:41', 'shouji27.jpg', 1649.01, 1319.21, 5861, 1510, NULL);
INSERT INTO `product` VALUES (196, '【12期免息】小米MIX4 5G新品手机 影青灰 8GB+256GB 官方标配【晒单返20元红包】', 83, 184, 1, '2021-12-27 19:41:41', 'shouji28.jpg', 4499, 3599.2, 2924, 1534, NULL);
INSERT INTO `product` VALUES (197, 'HUAWEI P50 Pro 4G全网通 原色双影像单元 麒麟9000芯片 万象双环设计 8GB+512GB曜金黑华为手机', 83, 121, 1, '2021-12-27 19:41:42', 'shouji29.jpg', 7488, 5990.4, 3364, 8892, NULL);
INSERT INTO `product` VALUES (198, 'realme GT neo2 真我GT NEO2 5G手机 黑薄荷 8G+128G【碎屏险套餐】', 83, 160, 1, '2021-12-27 19:41:42', 'shouji30.jpg', 2068, 1654.4, 6423, 7697, NULL);
INSERT INTO `product` VALUES (199, 'OPPO A93s 5G新品oppo手机【仅1769】256G大内存a93同款 oppoa93s手机 A93s白桃汽水8GB+256GB【咨询有礼】 官方标配【加1年延保+晒单返20】', 83, 43, 1, '2021-12-27 19:41:43', 'shouji31.jpg', 1769, 1415.2, 4157, 6971, NULL);
INSERT INTO `product` VALUES (200, 'vivo Y71t 5G手机 8GB+256GB 幻境晨晖 44W闪充 6400万超清影像 超轻薄机身 双模5G全网通手机', 83, 175, 1, '2021-12-27 19:41:43', 'shouji32.jpg', 1999, 1599.2, 3026, 5472, NULL);
INSERT INTO `product` VALUES (201, '小米Civi 5G手机 3200万双柔光自拍120Hz曲面原色屏丝绒AG工艺 【55W充电器套装】 怦怦粉 8GB+128GB', 83, 47, 1, '2021-12-27 19:41:44', 'shouji33.jpg', 2599, 2079.2, 3491, 3505, NULL);
INSERT INTO `product` VALUES (202, '魅族 18s 8GB+256GB 等风 5G 骁龙888+ 36W超充 6.2英寸2K曲面屏 6400W高清三摄光学防抖 拍照手机', 83, 76, 1, '2021-12-27 19:41:44', 'shouji34.jpg', 3999, 3199.2, 7774, 1931, NULL);
INSERT INTO `product` VALUES (203, 'realme 真我GT 大师探索版 120Hz三星AMOLED曲面屏 索尼IMX766传感器 骁龙870 雪山 8GB+256GB 双模5G手机', 83, 111, 1, '2021-12-27 19:41:44', 'shouji35.jpg', 2999, 2399.2, 8942, 4247, NULL);
INSERT INTO `product` VALUES (204, '华硕（ASUS）PRO WS WRX80E-SAGE SE WIFI工作站主板 支持CPU 3995WX/3975WX/3955WX', 92, 83, 1, '2021-12-27 21:03:56', 'diannao1.jpg', 16999, 13599.2, 2247, 5077, NULL);
INSERT INTO `product` VALUES (205, '外星人ALIENWARE x15 R1 15.6英寸高端游戏本 8核i7 32G 1T RTX3060 240Hz 高刷屏轻薄笔记本电脑1767QW', 92, 99, 1, '2021-12-27 21:03:56', 'diannao2.jpg', 17969, 14375.2, 3002, 4337, NULL);
INSERT INTO `product` VALUES (206, 'ikbc87机械键盘游戏电脑外设笔记本cherry樱桃轴有线办公C104正侧刻可选 C104黑色有线104键 红轴', 92, 70, 1, '2021-12-27 21:03:57', 'diannao3.jpg', 409, 327.2, 8864, 8543, NULL);
INSERT INTO `product` VALUES (207, '小米投影仪青春版2代家用卧室客厅全高清小型便携迷你手机投屏教学会议办公投影机米家智能家庭影院', 92, 59, 1, '2021-12-27 21:03:57', 'diannao4.jpg', 2599, 2079.2, 2997, 3580, NULL);
INSERT INTO `product` VALUES (208, '蓝宝石（Sapphire）RX6900XT16G D6 毒药 限量版显卡 16GB GDDR6 RDNA2架构 水冷游戏显卡', 92, 151, 1, '2021-12-27 21:03:57', 'diannao5.jpg', 13999, 11199.2, 9139, 4806, NULL);
INSERT INTO `product` VALUES (209, '任天堂（Nintendo）Switch OLED港版游戏机 白色 NS续航加强版 OLED主机', 92, 143, 1, '2021-12-27 21:03:58', 'diannao6.jpg', 2799, 2239.2, 5103, 2105, NULL);
INSERT INTO `product` VALUES (210, '美商海盗船（USCORSAIR） 32GB(16G×2)套装 DDR5 4800 台式机内存条 复仇者系列 游戏型', 92, 72, 1, '2021-12-27 21:03:58', 'diannao7.jpg', 2999, 2399.2, 6918, 2892, NULL);
INSERT INTO `product` VALUES (211, '机械革命（MECHREVO）Umi Pro3 15.6英寸高性能轻薄设计游戏笔记本电脑(R9-5900HX 32G 1T RTX3070 165HZ 2K)', 92, 151, 1, '2021-12-27 21:03:59', 'diannao8.jpg', 10999, 8799.2, 7063, 3650, NULL);
INSERT INTO `product` VALUES (212, '玩家国度 ROG STRIX Z690-F GAMING WIFI主板 支持 内存 DDR5 CPU 12900K/12700K（Intel Z690/LGA 1700）', 92, 170, 1, '2021-12-27 21:03:59', 'diannao9.jpg', 3399, 2719.2, 4786, 9418, NULL);
INSERT INTO `product` VALUES (213, '联想 (Lenovo)扬天P880 设计师台式机电脑单主机 (酷睿i7-10700 16G 512G RTX3060Ti-LHR 8G 四年上门)', 92, 156, 1, '2021-12-27 21:04:00', 'diannao10.jpg', 9999, 7999.2, 1101, 4062, NULL);
INSERT INTO `product` VALUES (214, '海康威视（HIKVISION）1TB SSD固态硬盘 M.2接口(NVMe协议) C2000ECO系列', 92, 143, 1, '2021-12-27 21:04:00', 'diannao11.jpg', 649, 519.2, 1155, 8940, NULL);
INSERT INTO `product` VALUES (215, '微星(msi)强袭GE76 17.3英寸游戏本笔记本电脑(英特尔酷睿11代i9-11980HK RTX3070满血版 32G 1T 4K 120Hz)', 92, 67, 1, '2021-12-27 21:04:01', 'diannao12.jpg', 19299, 15439.2, 4250, 2118, NULL);
INSERT INTO `product` VALUES (216, 'HSO 27英寸 IPS 75Hz 1080P全高清超薄微边框高性价比电脑液晶显示屏 HDMI接口 可壁挂 简易快拆 E272H', 92, 73, 1, '2021-12-27 21:04:01', 'diannao13.jpg', 699, 559.2, 3669, 1785, NULL);
INSERT INTO `product` VALUES (217, '荣耀笔记本电脑 MagicBook 15 2021 15.6英寸全面屏/多屏协同轻薄本(11代酷睿i5 1135G7 16GB 512GB MX450)银', 92, 183, 1, '2021-12-27 21:04:01', 'diannao14.jpg', 5698, 4558.4, 8607, 1117, NULL);
INSERT INTO `product` VALUES (218, '索尼（SONY）索尼ps5/PS4 Pro体感游戏机家用游戏机主机 港版/日版支持VR设备 港版PS5光驱版(保税仓1-3天送达) 官方标配', 92, 50, 1, '2021-12-27 21:04:02', 'diannao15.jpg', 6399, 5119.2, 8268, 4463, NULL);
INSERT INTO `product` VALUES (219, 'Apple Pencil一代/二代手写笔适用苹果平板电脑iPad/Air/mini/pro手写笔 Apple Pencil(一代)商家仓', 92, 83, 1, '2021-12-27 21:04:02', 'diannao16.jpg', 658, 526.4, 1783, 1636, NULL);
INSERT INTO `product` VALUES (220, '华硕（ASUS）ROG STRIX 雷鹰650W金牌全模电源（10年质保/金牌认证/全日系电容/定制化贴纸）', 92, 156, 1, '2021-12-27 21:04:02', 'diannao17.jpg', 899, 719.2, 2124, 2267, NULL);
INSERT INTO `product` VALUES (221, '任天堂 Nintendo Switch 国行续航增强版红蓝主机 & 马力欧卡丁车8 【限量套装】', 92, 176, 1, '2021-12-27 21:04:03', 'diannao18.jpg', 2398, 1918.4, 5904, 8019, NULL);
INSERT INTO `product` VALUES (222, 'HKC 27英寸 高清屏幕 144Hz电竞 1800R曲面 hdmi吃鸡游戏 1080p宽屏台式 不闪屏 液晶电脑显示器 SG27C', 92, 17, 1, '2021-12-27 21:04:03', 'diannao19.jpg', 1249, 999.2, 3256, 7575, NULL);
INSERT INTO `product` VALUES (223, '英特尔Intel 寒霜峡谷NUC10i3/10i5/10i7FNHN/KN 10代酷睿处理器 准系统 BXNUC10i5FN厚（i5-10210U） 官方标配（不含内存与硬盘）', 92, 172, 1, '2021-12-27 21:04:03', 'diannao20.jpg', 2999, 2399.2, 2559, 6647, NULL);
INSERT INTO `product` VALUES (224, '七彩虹（Colorful）iGame GeForce RTX 3060 Ti Advanced OC 8G LHR 1800MHz 电竞游戏光追电脑显卡', 92, 17, 1, '2021-12-27 21:04:04', 'diannao21.jpg', 5499, 4399.2, 7606, 2845, NULL);
INSERT INTO `product` VALUES (225, 'MAXHUB会议平板新锐55英寸智能会议大屏教学视频会议一体机电子白板显示屏E55+时尚支架+传屏器+智能笔', 92, 48, 1, '2021-12-27 21:04:05', 'diannao22.jpg', 7799, 6239.2, 7747, 8349, NULL);
INSERT INTO `product` VALUES (226, '罗技（G）G502 SE HERO熊猫版 有线游戏鼠标 吃鸡鼠标 电竞鼠标 RGB炫彩 HERO引擎 G502 SE 熊猫版', 92, 48, 1, '2021-12-27 21:04:06', 'diannao23.jpg', 309, 247.2, 9138, 3491, NULL);
INSERT INTO `product` VALUES (227, '罗技（Logitech）K580 无线键盘 蓝牙键盘 安静办公键盘 手机平板电脑ipad办公键盘 k580-无线键盘白色', 92, 200, 1, '2021-12-27 21:04:06', 'diannao24.jpg', 199, 159.2, 6370, 4992, NULL);
INSERT INTO `product` VALUES (228, '明基（BenQ）MS3081+ 投影仪 投影机办公（3200流明 白天直投 全玻璃镜头 梯形校正 视频会议）', 92, 126, 1, '2021-12-27 21:04:07', 'diannao25.jpg', 1899, 1519.2, 6665, 6104, NULL);
INSERT INTO `product` VALUES (229, '华硕（ASUS）天选2 15.6英寸新锐龙标压IPS电竞屏学生游戏本 商务办公手提笔记本电脑 R9-5900 3060 2.5K 165Hz 青 16G/NVMe512G', 92, 192, 1, '2021-12-27 21:04:07', 'diannao26.jpg', 8899, 7119.2, 4557, 5949, NULL);
INSERT INTO `product` VALUES (230, '华硕（ASUS）TUF GAMING B560M-E主板 支持 CPU 11700/11400/11400F（Intel B560/LGA 1200）', 92, 155, 1, '2021-12-27 21:04:08', 'diannao27.jpg', 799, 639.2, 4225, 5479, NULL);
INSERT INTO `product` VALUES (231, '宏视道(HOSODO)视频会议全向麦克风USB免驱(适合10-30㎡小型会议室 4米拾音)桌面扬声器BT31', 92, 114, 1, '2021-12-27 21:04:08', 'diannao28.jpg', 399, 319.2, 7917, 8397, NULL);
INSERT INTO `product` VALUES (232, '华为平板电脑 MatePad Pro 12.6\\10.8英寸二合一平板电脑影音娱乐游戏办公平板电脑 【21款10.8】8+128G WiFi版 夜阑灰 官方标配', 92, 63, 1, '2021-12-27 21:04:09', 'diannao29.jpg', 3499, 2799.2, 5125, 2458, NULL);
INSERT INTO `product` VALUES (233, '华擎Z590 Phantom Gaming-ITX/TB4主板 板载Wifi6E雷电接口支持CPU 11600KF/11700K （Intel Z590/LGA 1200)', 92, 134, 1, '2021-12-27 21:04:09', 'diannao30.jpg', 2199, 1759.2, 6517, 7879, NULL);
INSERT INTO `product` VALUES (234, '联想商用设计台式机ThinkStation P328（i5-9500/8G/512G SSD/集显/DOS/3年保+23.8显示器）比亚迪', 92, 190, 1, '2021-12-27 21:04:10', 'diannao31.jpg', 9999, 7999.2, 4730, 6433, NULL);
INSERT INTO `product` VALUES (235, '三星（SAMSUNG）980PRO SSD固态硬盘 M.2接口(NVMe协议) 笔记本固态硬盘m2 980PRO 1TB｜NVMe PCIe 4.0', 92, 88, 1, '2021-12-27 21:04:10', 'diannao32.jpg', 1499, 1199.2, 9402, 1508, NULL);
INSERT INTO `product` VALUES (236, '任天堂（Nintendo） Switch NS掌上游戏机 续航增强版 红蓝手柄主机 便携家用体感掌机 日版续航增强版彩色', 92, 68, 1, '2021-12-27 21:04:11', 'diannao33.jpg', 2089, 1671.2, 5361, 8221, NULL);
INSERT INTO `product` VALUES (237, '威刚（ADATA）16GB DDR4 2666 台式机内存 万紫千红', 92, 106, 1, '2021-12-27 21:04:11', 'diannao34.jpg', 379, 303.2, 7774, 9359, NULL);
INSERT INTO `product` VALUES (238, 'NVIDIA英伟达A4000/A5000/RTX A6000/RTX8000专业图形计算显卡 NVIDIA RTX A4000 16G', 92, 80, 1, '2021-12-27 21:04:12', 'diannao35.jpg', 9288, 7430.4, 6307, 7069, NULL);
INSERT INTO `product` VALUES (239, '微软（Microsoft）Xbox Series X 游戏机主机 次时代4K高清电视游戏机 XSX Xbox Series S 日版', 92, 40, 1, '2021-12-27 21:04:12', 'diannao36.jpg', 2398, 1918.4, 4220, 5521, NULL);
INSERT INTO `product` VALUES (240, '【8仓次日达】新款华为路由器Q2s千兆分布式子母路由器5G家用无线wifi穿墙王大户型电力猫pro Q2s 1母1子【适用于3-4房户型】-标配版', 92, 169, 1, '2021-12-27 21:04:13', 'diannao37.jpg', 879, 703.2, 7452, 5723, NULL);
INSERT INTO `product` VALUES (241, '银欣（SilverStone）额定650W SX650-G SFX电源（80PLUS金牌/全日系电容/全模组/扁平线组）', 92, 37, 1, '2021-12-27 21:04:14', 'diannao38.jpg', 859, 687.2, 5530, 1283, NULL);
INSERT INTO `product` VALUES (242, '润普 Runpu USB01单路电话录音盒 有线电话机录音 USB电脑管理', 92, 177, 1, '2021-12-27 21:04:14', 'diannao39.jpg', 209, 167.2, 4229, 2986, NULL);
INSERT INTO `product` VALUES (243, '小米显示器23.8/24.5/27英寸直面屏34英寸曲面屏广视角低蓝光 23.8英寸红米Redmi显示器1A【主推】 官方标配', 92, 59, 1, '2021-12-27 21:04:14', 'diannao40.jpg', 799, 639.2, 4238, 4810, NULL);
INSERT INTO `product` VALUES (244, '英特尔Intel 猎豹峡谷11代酷睿i3-1115-G4 办公 税务 游戏 NUC迷你电脑 准系统 猎豹峡谷NUC11PAHi3【厚款】 （官方标配）【不含内存与固态硬盘】', 92, 188, 1, '2021-12-27 21:04:15', 'diannao41.jpg', 2399, 1919.2, 8030, 7781, NULL);
INSERT INTO `product` VALUES (245, '七彩虹GT1030黄金版D5高清独立显卡2G GDDR5台式机电脑游戏显卡 支持4K HDMI低功耗', 92, 39, 1, '2021-12-27 21:04:15', 'diannao42.jpg', 569, 455.2, 7516, 2457, NULL);
INSERT INTO `product` VALUES (246, '索尼（SONY)   PS5 PlayStation DualSense无线游戏手柄 充电座 双充（不含手柄）', 92, 26, 1, '2021-12-27 21:04:16', 'diannao43.jpg', 249, 199.2, 7366, 4348, NULL);
INSERT INTO `product` VALUES (247, '罗技（G）G502 SE HERO 电竞游戏鼠标 有线鼠标 RGB炫彩灯光 DIY贴膜 吃鸡鼠标 罗技G502SE--(含蓝白贴膜）', 92, 87, 1, '2021-12-27 21:04:16', 'diannao44.jpg', 309, 247.2, 8959, 4362, NULL);
INSERT INTO `product` VALUES (248, '罗技（G）G610机械键盘 有线机械键盘 游戏机械键盘 全尺寸背光机械键盘 吃鸡键盘 Cherry青轴', 92, 30, 1, '2021-12-27 21:04:16', 'diannao45.jpg', 499, 399.2, 6609, 6632, NULL);
INSERT INTO `product` VALUES (249, '小米 米家投影仪2 投影仪家用 家庭影院 （全向自动矫正 800ANSI流明不虚标 内置小爱同学）', 92, 73, 1, '2021-12-27 21:04:17', 'diannao46.jpg', 3299, 2639.2, 3367, 5068, NULL);
INSERT INTO `product` VALUES (250, 'dynabook 东芝 CS40L 14英寸笔记本电脑 10代酷睿i5-1035G1 轻薄办公本 16G内存 512固态 曜石黑', 92, 104, 1, '2021-12-27 21:04:17', 'diannao47.jpg', 3799, 3039.2, 5794, 7168, NULL);
INSERT INTO `product` VALUES (251, '丽台（LEADTEK）GeForce RTX 3070 Ti LIFE ES 生命电竞 8G GDDR6X PCI-E4.0 赛博朋克2077吃鸡电竞游戏独显', 92, 169, 1, '2021-12-27 21:04:18', 'diannao48.jpg', 6999, 5599.2, 9520, 3361, NULL);
INSERT INTO `product` VALUES (252, 'Apple Pencil一代适用iPad/Air/mini二代适用pro11/12.9手写笔 Apple Pencil(第二代)教育优惠', 92, 170, 1, '2021-12-27 21:04:18', 'diannao49.jpg', 788, 630.4, 5301, 9098, NULL);
INSERT INTO `product` VALUES (253, '峰米 R1 超短焦激光投影仪家用投影机激光高亮(影院级激光 远场语音 运动补偿 低蓝光护眼)', 92, 53, 1, '2021-12-27 21:04:18', 'diannao50.jpg', 5699, 4559.2, 8993, 9423, NULL);
INSERT INTO `product` VALUES (254, '华擎（ASRock）A320M-HDV R4.0主板 支持3000G/3200G/3400G (AMD A320/AM4 Socket)', 92, 183, 1, '2021-12-27 21:04:19', 'diannao51.jpg', 299, 239.2, 3758, 5660, NULL);
INSERT INTO `product` VALUES (255, '联想 (Lenovo)扬天M4000q 商用台式机电脑整机 (酷睿i3-10100 8G 1T 键鼠 串口 四年上门)21.45英寸', 92, 92, 1, '2021-12-27 21:04:20', 'diannao52.jpg', 3199, 2559.2, 3297, 7382, NULL);
INSERT INTO `product` VALUES (256, '西部数据(WD)黑盘 2TB SATA6Gb/s 7200转64M 台式游戏硬盘(WD2003FZEX)', 92, 26, 1, '2021-12-27 21:04:20', 'diannao53.jpg', 909, 727.2, 5172, 7753, NULL);
INSERT INTO `product` VALUES (257, '索尼（SONY）ps5/PS4 港版playstation日版家用体感游戏机电视主机高清8K支持VR PS5 光驱版 港版 （带转接头）保税仓1-3天达', 92, 16, 1, '2021-12-27 21:04:21', 'diannao54.jpg', 6299, 5039.2, 9102, 6743, NULL);
INSERT INTO `product` VALUES (258, '威刚（ADATA）台式机内存万紫千红DDR4 2666 3200 16G/8G电脑内存条兼容2400 8G DDR4 2666', 92, 175, 1, '2021-12-27 21:04:21', 'diannao55.jpg', 185, 148, 5045, 3519, NULL);
INSERT INTO `product` VALUES (259, '华为平板MatePad 10.4英寸麒麟820 影音娱乐办公学习 专属教育中心 全面屏平板电脑4G+128G WIFI(夜阑灰)', 92, 121, 1, '2021-12-27 21:04:22', 'diannao56.jpg', 1849, 1479.2, 3414, 7319, NULL);
INSERT INTO `product` VALUES (260, '戴尔dell成就3690 办公电脑 商用台式机小机箱电脑主机(i5-11400 16G 512GSSD)+23.8英寸电脑显示器', 92, 134, 1, '2021-12-27 21:04:22', 'diannao57.jpg', 4899, 3919.2, 3165, 3465, NULL);
INSERT INTO `product` VALUES (261, 'TP-LINK TL-R479GP-AC 企业级VPN路由器 千兆端口/8口PoE供电/AP管理', 92, 180, 1, '2021-12-27 21:04:22', 'diannao58.jpg', 615, 492, 3908, 6101, NULL);
INSERT INTO `product` VALUES (262, '长城（GreatWall）额定600W HOPE-7000DS电脑电源（双8PIN/台系电容/75cm长线材/宽幅/温控风扇/3年质保）', 92, 176, 1, '2021-12-27 21:04:23', 'diannao59.jpg', 279, 223.2, 1894, 4068, NULL);
INSERT INTO `product` VALUES (263, '任天堂（Nintendo）Switch日版游戏机/续航加强版ns掌机健身环大冒险塞尔达新款oled 日版续航加强版彩色', 92, 183, 1, '2021-12-27 21:04:23', 'diannao60.jpg', 2129, 1703.2, 8549, 5287, NULL);
INSERT INTO `product` VALUES (264, '三星（SAMSUNG）27英寸曲面 可壁挂 HDMI接口 节能爱眼认证 FreeSync技术 电脑显示器（C27F391FHC）', 92, 108, 1, '2021-12-27 21:04:23', 'diannao61.jpg', 1199, 959.2, 2037, 7825, NULL);
INSERT INTO `product` VALUES (265, '华为笔记本电脑MateBook 14 2021 14英寸 锐龙版R5 16G 512G 2K触控全面屏/轻薄办公本/华为分享 深空灰', 92, 119, 1, '2021-12-27 21:04:24', 'diannao62.jpg', 5999, 4799.2, 3720, 3917, NULL);
INSERT INTO `product` VALUES (266, '七彩虹（Colorful）iGame GeForce GTX 1650 Ultra OC 4GD6 1590-1725MHz GDDR6台式电脑游戏显卡', 92, 98, 1, '2021-12-27 21:04:24', 'diannao63.jpg', 2199, 1759.2, 2372, 3077, NULL);
INSERT INTO `product` VALUES (267, 'AOC 24G2 24英寸144Hz显示器IPS小金刚电竞1ms旋转升降电脑游戏吃鸡台式PS4屏幕 IPS电竞小钢炮', 92, 82, 1, '2021-12-27 21:04:25', 'diannao64.jpg', 1299, 1039.2, 2650, 4221, NULL);
INSERT INTO `product` VALUES (268, '罗技（Logitech）M90 鼠标 有线鼠标 办公鼠标 对称鼠标 即插即用 黑色', 92, 64, 1, '2021-12-27 21:04:25', 'diannao65.jpg', 39, 31.2, 3929, 5951, NULL);
INSERT INTO `product` VALUES (269, '宏碁（acer）无线蓝牙双模机械键盘68键便携办公游戏家用笔记本电脑手机适用Mac/iPad 68键灰黑 红轴【2.4G+蓝牙双模】', 92, 42, 1, '2021-12-27 21:04:25', 'diannao66.jpg', 159, 127.2, 6147, 2319, NULL);
INSERT INTO `product` VALUES (270, '爱普生（EPSON）LQ-615KII打印机82列针式打印机平推式税控票据打印机 LQ-615KII打印机（无礼品）', 92, 10, 1, '2021-12-27 21:04:26', 'diannao67.jpg', 1099, 879.2, 8581, 4805, NULL);
INSERT INTO `product` VALUES (271, '宏碁(Acer)新蜂鸟Fun 15.6英寸轻薄本 学生商务办公笔记本电脑(11代英特尔酷睿i7-1165G7 16G 512G wifi6)银', 92, 163, 1, '2021-12-27 21:04:26', 'diannao68.jpg', 4899, 3919.2, 2905, 7114, NULL);
INSERT INTO `product` VALUES (272, '任天堂switch日版游戏机ns续航增强版马里奥塞尔达珍珠钻石健身环大冒险switch oled新款 Oled日版续航白色（现货速发)', 92, 157, 1, '2021-12-27 21:04:27', 'diannao69.jpg', 2699, 2159.2, 8498, 1645, NULL);
INSERT INTO `product` VALUES (273, 'TP-LINK AX3000双频千兆Wi-Fi6面板AP 企业酒店别墅全屋wifi无线接入点 PoE供电AC管理 TL-XAP3000GI-PoE', 92, 99, 1, '2021-12-27 21:04:27', 'diannao70.jpg', 489, 391.2, 4234, 3029, NULL);
INSERT INTO `product` VALUES (274, '松下（Panasonic）PT-WX3401投影仪办公 投影机 会议室商务 培训教学 家用（标清 3400高流明 长寿命光源）', 92, 77, 1, '2021-12-27 21:04:28', 'diannao71.jpg', 2999, 2399.2, 8183, 7026, NULL);
INSERT INTO `product` VALUES (275, '映泰(BIOSTAR)Z490GTN迷你ITX电竞游戏主板支持10300/10500/10700K/10900K Intel Z490/LGA 1200）', 92, 172, 1, '2021-12-27 21:04:28', 'diannao72.jpg', 788, 630.4, 3143, 2662, NULL);
INSERT INTO `product` VALUES (276, '清华同方（THTF）精锐M820商用办公台式电脑主机(i5-11400 8G 512GSSD 内置WiFi 三年上门）', 92, 67, 1, '2021-12-27 21:04:29', 'diannao73.jpg', 2999, 2399.2, 5816, 8257, NULL);
INSERT INTO `product` VALUES (277, '希捷(SEAGATE)酷狼 网络存储 NAS 硬盘 机械硬盘 SATA接口 3.5英寸 含Pro系列 8TB(ST8000VN004)', 92, 24, 1, '2021-12-27 21:04:29', 'diannao74.jpg', 1699, 1359.2, 2863, 1309, NULL);
INSERT INTO `product` VALUES (278, '爱普生（EPOSN）L130 彩色墨仓式喷墨打印机 京东智印打印学习盒子 升级家庭智能打印套餐', 92, 33, 1, '2021-12-27 21:04:29', 'diannao75.jpg', 899, 719.2, 2409, 9709, NULL);
INSERT INTO `product` VALUES (279, '三星 SAMSUNG 笔记本内存 8G DDR4 2666频率 内存条', 92, 191, 1, '2021-12-27 21:04:30', 'diannao76.jpg', 261, 208.8, 2082, 8559, NULL);
INSERT INTO `product` VALUES (280, '华为平板C5 10.4英寸护眼学习教育平板电脑 BZT3 AL00【4G+64GB 全网通版】夜阑灰 官方标配', 92, 155, 1, '2021-12-27 21:04:30', 'diannao77.jpg', 2699, 2159.2, 9881, 3274, NULL);
INSERT INTO `product` VALUES (281, '联想(Lenovo)天逸510Pro英特尔酷睿i5个人商务台式机电脑整机(11代i5-11400 16G 1TB+256G SSD win11)23英寸', 92, 153, 1, '2021-12-27 21:04:31', 'diannao78.jpg', 4699, 3759.2, 3466, 5717, NULL);
INSERT INTO `product` VALUES (282, 'TP-LINK 双核多WAN口千兆企业VPN路由器 防火墙/VPN/AP管理 TL-ER3220G', 92, 57, 1, '2021-12-27 21:04:31', 'diannao79.jpg', 649, 519.2, 9160, 4012, NULL);
INSERT INTO `product` VALUES (283, '安钛克 Antec NE850金牌全模组/7年换新/全日系电解电容/寿命更持久/支持风扇启停/双8pin电脑主机电源850W', 92, 132, 1, '2021-12-27 21:04:32', 'diannao80.jpg', 759, 607.2, 5988, 8762, NULL);
INSERT INTO `product` VALUES (284, '索尼（SONY）国行PS5游戏主机PlayStaion 5家用高清蓝光8K电视游戏机 国行现货 PS5光驱版双手柄 专业充电器套装', 92, 31, 1, '2021-12-27 21:04:32', 'diannao81.jpg', 5899, 4719.2, 3261, 7822, NULL);
INSERT INTO `product` VALUES (285, 'LG 29英寸 21:9 IPS 超宽带鱼屏 sRGB99% FreeSync 三面窄边 阅读模式 低闪屏 高清 游戏显示器 29WK500 -P', 92, 79, 1, '2021-12-27 21:04:32', 'diannao82.jpg', 1299, 1039.2, 6869, 1919, NULL);
INSERT INTO `product` VALUES (286, '华硕（ASUS）天选/天选2 15.6英寸学生IPS电竞屏游戏本 高性能商务办公手提笔记本电脑 i5-11400H/RTX3050 144Hz灰色 16G/NVMe512G【官方标配】', 92, 167, 1, '2021-12-27 21:04:33', 'diannao83.jpg', 6799, 5439.2, 5997, 9960, NULL);
INSERT INTO `product` VALUES (287, '华硕 RX6600/6600XT/6700XT 电竞游戏水冷显卡 电竞游戏独立显卡 DUAL-RX6600-8G', 92, 53, 1, '2021-12-27 21:04:33', 'diannao84.jpg', 3399, 2719.2, 1714, 8500, NULL);
INSERT INTO `product` VALUES (288, '双飞燕（A4TECH）WKM-1000 键鼠套装 有线键鼠套装 办公键鼠套装 便携 防泼溅 商务 黑色', 92, 138, 1, '2021-12-27 21:04:33', 'diannao85.jpg', 69, 55.2, 5620, 5186, NULL);
INSERT INTO `product` VALUES (289, '罗技（G）G502 HERO主宰者游戏鼠标电竞鼠标有线RGB机械配重竞技FPS吃鸡lol宏cf送男友', 92, 61, 1, '2021-12-27 21:04:34', 'diannao86.jpg', 299, 239.2, 3577, 9865, NULL);
INSERT INTO `product` VALUES (290, 'SanDisk闪迪U盘 USB 酷铄 黑银金属外壳高速读写加密保护车载 稳定兼容 CZ73 黑 USB3.0 64G', 92, 143, 1, '2021-12-27 21:04:34', 'diannao87.jpg', 47.9, 38.32, 5626, 1236, NULL);
INSERT INTO `product` VALUES (291, '罗技（Logitech）K845 机械键盘 有线键盘 游戏办公键盘 全尺寸 单光 黑色 TTC轴 青轴', 92, 137, 1, '2021-12-27 21:04:34', 'diannao88.jpg', 299, 239.2, 4436, 5046, NULL);
INSERT INTO `product` VALUES (292, '佳能（Canon）LBP6018L A4幅面黑白激光单功能打印机（快速打印/节能环保）', 92, 183, 1, '2021-12-27 21:04:35', 'diannao89.jpg', 959, 767.2, 3841, 4042, NULL);
INSERT INTO `product` VALUES (293, '北恩（HION）FOR600 头戴式单耳话务员耳机/电话耳麦/呼叫中心客服/坐席电销耳麦-直连水晶头+调音量+闭音', 92, 38, 1, '2021-12-27 21:04:35', 'diannao90.jpg', 96, 76.8, 9456, 6010, NULL);
INSERT INTO `product` VALUES (294, 'AOC 27B2HM 27英寸1080P高清75Hz高清显示屏HDMI窄边框电脑显示器 27B2HM(JD物流)', 92, 65, 1, '2021-12-27 21:04:36', 'diannao91.jpg', 989, 791.2, 9009, 6478, NULL);
INSERT INTO `product` VALUES (295, '爱普生（EPSON）CB-E01 投影仪 投影机办公 培训（标清XGA 3300流明 支持侧投 1.35倍数码变焦）', 92, 197, 1, '2021-12-27 21:04:36', 'diannao92.jpg', 2699, 2159.2, 5154, 9263, NULL);
INSERT INTO `product` VALUES (296, '七彩虹（Colorful）H510M-T M.2 V20 主板 支持11400/11600/10400 (Intel H510/LGA 1200)', 92, 42, 1, '2021-12-27 21:04:37', 'diannao93.jpg', 499, 399.2, 7066, 2946, NULL);
INSERT INTO `product` VALUES (297, '得力（deli）珊瑚海 A3 70g 双面打印纸 行业热销复印纸 绘图纸 500张/包 5包/箱（整箱2500张）', 92, 10, 1, '2021-12-27 21:04:37', 'diannao94.jpg', 219, 175.2, 6021, 1681, NULL);
INSERT INTO `product` VALUES (298, 'cool-fish 512G固态移动硬盘1t迷你128g手机硬盘256g苹果Mac外接存储移动ssd 【标配512G】M1银色', 92, 37, 1, '2021-12-27 21:04:37', 'diannao95.jpg', 349, 279.2, 2185, 3885, NULL);
INSERT INTO `product` VALUES (299, '小米（MI）米家喷墨打印一体机墨盒 小米米家喷墨打印一体机墨盒 黑色', 92, 187, 1, '2021-12-27 21:04:38', 'diannao96.jpg', 57.99, 46.39, 3066, 1313, NULL);
INSERT INTO `product` VALUES (300, '三星 SAMSUNG 台式机内存 16G DDR4 3200频率 内存条', 92, 111, 1, '2021-12-27 21:04:39', 'diannao97.jpg', 529, 423.2, 5585, 3881, NULL);
INSERT INTO `product` VALUES (301, '华为平板电脑MatePad 10.4英寸影音娱乐办公教育学习pad平板可选全网通4G/5G通话平板 6G+128GWiFi版 贝母白 官方标配', 92, 179, 1, '2021-12-27 21:04:39', 'diannao98.jpg', 2049, 1639.2, 6119, 1262, NULL);
INSERT INTO `product` VALUES (302, '宏碁(Acer)商祺SQX4270 540N 商用办公台式电脑整机 家用电脑（十代i3-10105 8G 1T wifi 三年上门）23.8英寸', 92, 144, 1, '2021-12-27 21:04:39', 'diannao99.jpg', 3099, 2479.2, 9846, 5342, NULL);
INSERT INTO `product` VALUES (303, '华为分布式子母路由器Q2S全屋wifi别墅大户型千兆网口电力猫无线wifi信号放大器漏油器穿墙王 Q2S子母装【适用3-4房大户型】', 92, 55, 1, '2021-12-27 21:04:40', 'diannao100.jpg', 889, 711.2, 5248, 1032, NULL);
INSERT INTO `product` VALUES (304, '红蜻蜓 （RED DRAGONFLY）舒适商务休闲时尚系带皮鞋男 WTA73761 黑色 42', 142, 102, 1, '2021-12-27 22:05:19', 'nanxie1.jpg', 239, 191.2, 6635, 1161, NULL);
INSERT INTO `product` VALUES (305, '百丽男鞋商场同款商务正装牛皮革皮鞋婚鞋CF01DCM9【JD特享】【B】 黑色 42', 142, 16, 1, '2021-12-27 22:05:19', 'nanxie2.jpg', 519, 415.2, 3586, 8426, NULL);
INSERT INTO `product` VALUES (306, '回力棉拖鞋经典简约防滑耐磨室内家用居家卧室儿童亲子棉拖秋冬季男士加绒保暖拖鞋女 蓝灰 42-43码（适合41-42脚穿）', 142, 62, 1, '2021-12-27 22:05:19', 'nanxie3.jpg', 29.9, 23.92, 7478, 3438, NULL);
INSERT INTO `product` VALUES (307, '【明星款】CAT卡特 经典大黄靴工装靴马丁靴男鞋 真牛皮户外防滑牢固登山靴男士靴高帮鞋 亮黄 42', 142, 20, 1, '2021-12-27 22:05:19', 'nanxie4.jpg', 948, 758.4, 3019, 9033, NULL);
INSERT INTO `product` VALUES (308, 'HLA海澜之家皮鞋男士系带商务正装质感光面透气舒适办公德比鞋子男HAAPXM3AA90183 黑色 42', 142, 60, 1, '2021-12-27 22:05:19', 'nanxie5.jpg', 259, 207.2, 2055, 4820, NULL);
INSERT INTO `product` VALUES (309, '斯凯奇SkechersGOWALK稳定性缓震健步鞋男士时尚休闲皮鞋216000 全黑色 BBK 41.0', 142, 177, 1, '2021-12-27 22:05:19', 'nanxie6.jpg', 439, 351.2, 9822, 8170, NULL);
INSERT INTO `product` VALUES (310, '百丽加厚保暖雪地靴2021冬季新款户外休闲短靴男靴加绒A0602DD1【B】 黑色 42', 142, 126, 1, '2021-12-27 22:05:20', 'nanxie7.jpg', 619, 495.2, 3342, 9071, NULL);
INSERT INTO `product` VALUES (311, 'BELLE/百丽牛皮革男商务正装皮鞋10503AM0黑色41', 142, 165, 1, '2021-12-27 22:05:20', 'nanxie8.jpg', 569, 455.2, 8169, 6183, NULL);
INSERT INTO `product` VALUES (312, 'Skechers斯凯奇男鞋 秋季百搭户外透气休闲皮鞋 男士时尚运动皮鞋216000 全黑色/BBK 41', 142, 98, 1, '2021-12-27 22:05:20', 'nanxie9.jpg', 459, 367.2, 4660, 8390, NULL);
INSERT INTO `product` VALUES (313, '百丽休闲切尔西靴男冬季加绒保暖牛皮革厚底户外潮流高帮靴A0568DD1黑绒里41', 142, 37, 1, '2021-12-27 22:05:20', 'nanxie10.jpg', 729, 583.2, 9211, 9256, NULL);
INSERT INTO `product` VALUES (314, '犀牛（VOLO）男鞋商务休闲皮鞋手抓纹男士正装鞋子男 黑色系带286210631D 41', 142, 18, 1, '2021-12-27 22:05:20', 'nanxie11.jpg', 619, 495.2, 5829, 6443, NULL);
INSERT INTO `product` VALUES (315, '斯凯奇（Skechers）休闲鞋 D\'LITES系列时尚绑带 52675-BKW 黑色/白色 41', 142, 56, 1, '2021-12-27 22:05:20', 'nanxie12.jpg', 539, 431.2, 6430, 6837, NULL);
INSERT INTO `product` VALUES (316, 'Dickies帆布鞋男2022年春季新款男女鞋情侣鞋饼干鞋潮流百搭学生板鞋休闲果冻鞋 米色(男女款) 42', 142, 165, 1, '2021-12-27 22:05:20', 'nanxie13.jpg', 329, 263.2, 1723, 4271, NULL);
INSERT INTO `product` VALUES (317, '高哥内增高男鞋8cm冬季新款男士板鞋潮流时尚小白鞋隐形增高鞋6cm真皮运动休闲鞋子 空军一号白色 6CM 40', 142, 59, 1, '2021-12-27 22:05:21', 'nanxie14.jpg', 378, 302.4, 9241, 1450, NULL);
INSERT INTO `product` VALUES (318, 'Skechers斯凯奇男鞋 户外网布透气休闲鞋男 一脚蹬低帮懒人健步鞋 216029 黑色BBK 41', 142, 114, 1, '2021-12-27 22:05:21', 'nanxie15.jpg', 419, 335.2, 6451, 6415, NULL);
INSERT INTO `product` VALUES (319, 'Camel骆驼官方店工装鞋男鞋2021秋季新款马丁鞋男低帮皮鞋英伦工装鞋 黑色 41', 142, 113, 1, '2021-12-27 22:05:21', 'nanxie16.jpg', 489, 391.2, 2675, 8159, NULL);
INSERT INTO `product` VALUES (320, '男鞋秋季中国风高帮帆布鞋男韩版潮流国潮板鞋民族汉服百搭潮鞋 K81九尾狐 43', 142, 104, 1, '2021-12-27 22:05:21', 'nanxie17.jpg', 79, 63.2, 3752, 1531, NULL);
INSERT INTO `product` VALUES (321, '内联升 布鞋男 老北京传统布鞋 男鞋 春秋单鞋 手工千层底礼巾舌边8111A 贴好胶片8111G 43', 142, 165, 1, '2021-12-27 22:05:21', 'nanxie18.jpg', 508, 406.4, 6611, 9436, NULL);
INSERT INTO `product` VALUES (322, '回力（Warrior）棉拖鞋包跟男带后跟秋冬季情侣款厚底保暖防滑棉鞋居家室内月子鞋女士 深灰 42-43码', 142, 66, 1, '2021-12-27 22:05:21', 'nanxie19.jpg', 39.9, 31.92, 1870, 7163, NULL);
INSERT INTO `product` VALUES (323, 'IDX/爱定客/藏龙山 匹克联名款帆布鞋男2021秋季新款休闲鞋 藏龙山【黑白】 42', 142, 12, 1, '2021-12-27 22:05:21', 'nanxie20.jpg', 469, 375.2, 1583, 4353, NULL);
INSERT INTO `product` VALUES (324, '花花公子皮鞋男夏季透气男士软底商务正装真皮男鞋一脚蹬休闲皮鞋 棕色 41', 142, 34, 1, '2021-12-27 22:05:21', 'nanxie21.jpg', 294, 235.2, 3023, 6501, NULL);
INSERT INTO `product` VALUES (325, '意尔康男鞋 2021秋季新款商务正装皮鞋男牛皮简约系带男士英伦德比鞋 黑色 41', 142, 81, 1, '2021-12-27 22:05:21', 'nanxie22.jpg', 269, 215.2, 4197, 3883, NULL);
INSERT INTO `product` VALUES (326, '沙驰男鞋 男士商务皮鞋男头层牛皮正装鞋系带轻便 黑色 40', 142, 93, 1, '2021-12-27 22:05:22', 'nanxie23.jpg', 799, 639.2, 1343, 7635, NULL);
INSERT INTO `product` VALUES (327, 'Dickies马丁靴男靴子21年秋冬新款英伦风工装鞋高帮皮靴潮流男鞋情侣靴加绒男女靴 黑色S28（男款） 42', 142, 188, 1, '2021-12-27 22:05:22', 'nanxie24.jpg', 599, 479.2, 4191, 7247, NULL);
INSERT INTO `product` VALUES (328, '暇步士hush puppies皮鞋男士秋季商务休闲时尚系带舒适经典正装鞋B1B23CM1 啡色 41', 142, 40, 1, '2021-12-27 22:05:22', 'nanxie25.jpg', 839, 671.2, 3712, 7423, NULL);
INSERT INTO `product` VALUES (329, '花花公子皮鞋男布洛克英伦休闲潮流商务正装内增高大码青年西装婚礼鞋男鞋 黑色经典四季款 41', 142, 67, 1, '2021-12-27 22:05:22', 'nanxie26.jpg', 254, 203.2, 1259, 1656, NULL);
INSERT INTO `product` VALUES (330, '回力男鞋秋季舒适工装靴低帮马丁靴男韩版潮百搭男士休闲鞋皮鞋子男潮鞋 【低帮】卡其色 42', 142, 52, 1, '2021-12-27 22:05:22', 'nanxie27.jpg', 79, 63.2, 7593, 2738, NULL);
INSERT INTO `product` VALUES (331, '花花公子大头皮鞋男商务休闲头层牛皮商务真皮厚底圆头加肥男鞋 水牛皮/黑色 40', 142, 17, 1, '2021-12-27 22:05:22', 'nanxie28.jpg', 302, 241.6, 6343, 8373, NULL);
INSERT INTO `product` VALUES (332, '热风男鞋2021年春季新款男士时尚休闲鞋网面透气运动椰子鞋男 01黑色 41正码', 142, 39, 1, '2021-12-27 22:05:22', 'nanxie29.jpg', 249, 199.2, 1605, 8010, NULL);
INSERT INTO `product` VALUES (333, '八哥（BAGE）马丁靴男中帮工装靴子英伦风高帮男士皮鞋男鞋夏季款皮革男款皮靴 黑色 41', 142, 131, 1, '2021-12-27 22:05:22', 'nanxie30.jpg', 269, 215.2, 8949, 6176, NULL);
INSERT INTO `product` VALUES (334, '犀牛（VOLO）男鞋商务休闲皮鞋男士轻便透气套脚帆船鞋 黑色 105205091D 40', 142, 162, 1, '2021-12-27 22:05:22', 'nanxie31.jpg', 529, 423.2, 3327, 8569, NULL);
INSERT INTO `product` VALUES (335, '骆驼（CAMEL）男鞋 2021秋季新款潮流男士运动鞋休闲免系带袜套跑步鞋子 蓝色 41', 142, 168, 1, '2021-12-27 22:05:22', 'nanxie32.jpg', 379, 303.2, 1123, 9689, NULL);
INSERT INTO `product` VALUES (336, '奥康男鞋 正装皮鞋男男士商务正装圆头系带低帮鞋子 黑色（偏大一码） 46', 142, 66, 1, '2021-12-27 22:05:23', 'nanxie33.jpg', 239, 191.2, 5548, 8232, NULL);
INSERT INTO `product` VALUES (337, '花花公子男士皮鞋春季新款德比鞋商务正装鞋真皮英伦婚鞋休闲皮鞋男 黑色款 #41（脚瘦建议小一码）', 142, 45, 1, '2021-12-27 22:05:23', 'nanxie34.jpg', 254, 203.2, 7798, 2656, NULL);
INSERT INTO `product` VALUES (338, 'FILA 斐乐官方 TREK 满天星老爹鞋男女同款 2021新款休闲时尚老爹鞋男鞋 男-白芦笋/军礼蓝-AWD 41', 142, 126, 1, '2021-12-27 22:05:23', 'nanxie35.jpg', 579, 463.2, 4221, 6629, NULL);
INSERT INTO `product` VALUES (339, '红蜻蜓男鞋2021秋季新款潮流舒适商务时尚正装鞋男WTA31563 黑色 40', 142, 119, 1, '2021-12-27 22:05:23', 'nanxie36.jpg', 359, 287.2, 2570, 7040, NULL);
INSERT INTO `product` VALUES (340, '暇步士hush puppies皮鞋男士秋季商务休闲系带英伦时尚舒适经典透气正装鞋B3S01CM1 黑色 42', 142, 169, 1, '2021-12-27 22:05:23', 'nanxie37.jpg', 849, 679.2, 7655, 8033, NULL);
INSERT INTO `product` VALUES (341, '奥康男鞋官方 套脚简约正装皮鞋男士英伦风气垫舒适商务鞋子 黑色 43', 142, 169, 1, '2021-12-27 22:05:23', 'nanxie38.jpg', 269, 215.2, 1740, 2797, NULL);
INSERT INTO `product` VALUES (342, 'Clarks其乐男鞋2021秋冬经典款Tilden Plain耐磨男士正装皮鞋英伦风商务加宽楦德比鞋 黑色 261103508 （加宽楦） 41', 142, 196, 1, '2021-12-27 22:05:23', 'nanxie39.jpg', 899, 719.2, 3789, 8490, NULL);
INSERT INTO `product` VALUES (343, '骆驼（CAMEL） 商务休闲鞋男百搭英伦时尚正装鞋 A012266110 黑色 43', 142, 180, 1, '2021-12-27 22:05:23', 'nanxie40.jpg', 329, 263.2, 1584, 5062, NULL);
INSERT INTO `product` VALUES (344, '荣耀手环5 NFC版 智能运动 幻彩屏触控 表盘市场 睡眠、血氧检测 实时心率 50米防水+泳姿识别 陨石黑', 84, 155, 1, '2021-12-27 22:16:13', 'youxiji1.jpg', 189, 151.2, 1473, 2320, NULL);
INSERT INTO `product` VALUES (345, 'DJI 大疆 无人机 悟Inspire 2 四轴专业超清航拍无人机 可变形航拍飞行器', 84, 147, 1, '2021-12-27 22:16:14', 'youxiji2.jpg', 19999, 15999.2, 7950, 9730, NULL);
INSERT INTO `product` VALUES (346, 'TP-LINK TL-WDR5620 1200M 5G双频智能无线路由器 四天线智能wifi 稳定穿墙高速家用路由器', 84, 185, 1, '2021-12-27 22:16:14', 'youxiji3.jpg', 119, 95.2, 6926, 8770, NULL);
INSERT INTO `product` VALUES (347, '小米米家电动滑板车Pro 45公里续航成人学生迷你便携锂电池可折叠双轮休闲踏板平衡车体感车', 84, 83, 1, '2021-12-27 22:16:14', 'youxiji4.jpg', 3099, 2479.2, 6797, 2970, NULL);
INSERT INTO `product` VALUES (348, 'KEF LSX 电脑音箱无线蓝牙hifi2.0桌面有源台式电视音响家用扬声器 低音炮 神秘黑', 84, 24, 1, '2021-12-27 22:16:15', 'youxiji5.jpg', 8688, 6950.4, 6856, 7564, NULL);
INSERT INTO `product` VALUES (349, '八位堂 8BitDo 星系摇杆帽 Pro 2/SN30 Pro+/Xbox/PS4/PS5/Switch/NS/Pro 微软索尼任天堂手柄通用 四个精装', 84, 125, 1, '2021-12-27 22:16:15', 'youxiji6.jpg', 29, 23.2, 4195, 4346, NULL);
INSERT INTO `product` VALUES (350, '不见不散H1+多功能收音机老人调频广播充电半导体便携式迷你插卡音箱老年人播放器四六级考试随身听小音响 蓝', 84, 88, 1, '2021-12-27 22:16:16', 'youxiji7.jpg', 95, 76, 1541, 9781, NULL);
INSERT INTO `product` VALUES (351, '捷旺电子（W JIEWANG DIANZI）摩托车摩托赛车游戏机', 84, 122, 1, '2021-12-27 22:16:16', 'youxiji8.jpg', 26000, 20800, 1356, 3578, NULL);
INSERT INTO `product` VALUES (352, '小米（MI）蓝牙项圈耳机青春版 无线颈挂挂脖式运动耳机 青春版 黑色', 84, 143, 1, '2021-12-27 22:16:16', 'youxiji9.jpg', 159, 127.2, 6566, 7070, NULL);
INSERT INTO `product` VALUES (353, '斯泰克 一拖二有线游戏手柄电视游戏家用双人经典电脑PC怀旧款老式适用月光宝盒', 84, 170, 1, '2021-12-27 22:16:16', 'youxiji10.jpg', 39, 31.2, 1853, 7702, NULL);
INSERT INTO `product` VALUES (354, '八位堂 8BitDo SN30 Pro 手柄支架 淡紫灰', 84, 197, 1, '2021-12-27 22:16:17', 'youxiji11.jpg', 19, 15.2, 8976, 3756, NULL);
INSERT INTO `product` VALUES (355, '任天堂 Nintendo Switch 国行续航增强版红蓝主机 & 马力欧卡丁车8 【限量套装】', 84, 171, 1, '2021-12-27 22:16:17', 'youxiji12.jpg', 2398, 1918.4, 5161, 8220, NULL);
INSERT INTO `product` VALUES (356, '飞智Q1手游转换器 DNF手游和平精英绝地求生战士枪神王座手机平板游戏吃鸡神器辅助手柄苹果安卓通用', 84, 191, 1, '2021-12-27 22:16:17', 'youxiji13.jpg', 129, 103.2, 3531, 3603, NULL);
INSERT INTO `product` VALUES (357, '任天堂 Nintendo Switch 国行续航版增强版红蓝主机 & 《马力欧网球 ACE》游戏兑换卡', 84, 146, 1, '2021-12-27 22:16:18', 'youxiji14.jpg', 2398, 1918.4, 5968, 9067, NULL);
INSERT INTO `product` VALUES (358, '微星（MSI）DH40 RGB 电竞耳机 头戴式游戏耳机 电竞耳麦 虚拟7.1 可拆麦克风 人体工学 带线控 黑色', 84, 189, 1, '2021-12-27 22:16:18', 'youxiji15.jpg', 129, 103.2, 5935, 9235, NULL);
INSERT INTO `product` VALUES (359, '漫步者（EDIFIER）FunBuds 真无线耳机 蓝牙耳机 通用苹果安卓手机 雾霾蓝', 84, 172, 1, '2021-12-27 22:16:18', 'youxiji16.jpg', 334, 267.2, 3632, 6499, NULL);
INSERT INTO `product` VALUES (360, '机械师(MACHENIKE) HG300W体感蓝牙有线无线双模游戏手柄 电脑PC手柄 Switch手柄', 84, 174, 1, '2021-12-27 22:16:19', 'youxiji17.jpg', 189, 151.2, 3755, 8372, NULL);
INSERT INTO `product` VALUES (361, '赛德斯（Sades）SA723 3.5mm耳机头戴式 游戏耳机耳麦 电脑手机耳机 吃鸡耳机带麦 电竞耳机 收缩麦克风 白粉', 84, 11, 1, '2021-12-27 22:16:19', 'youxiji18.jpg', 259, 207.2, 6101, 8611, NULL);
INSERT INTO `product` VALUES (362, '天龙（DENON） AH-GC30BK 头戴式耳机主动降噪蓝牙无线发烧音乐HiFi直推 高清通话', 84, 165, 1, '2021-12-27 22:16:20', 'youxiji19.jpg', 2980, 2384, 9524, 3806, NULL);
INSERT INTO `product` VALUES (363, '小米手环6 NFC版 全面彩屏 30种运动模式 24h心率检测 50米防水 智能手环', 84, 51, 1, '2021-12-27 22:16:20', 'youxiji20.jpg', 318, 254.4, 7721, 4559, NULL);
INSERT INTO `product` VALUES (364, '墨案moaan 智能电子纸W7 电子墨水屏10.3英寸 电子书阅读器 32G星光白+录音笔套装', 84, 10, 1, '2021-12-27 22:16:20', 'youxiji21.jpg', 2578, 2062.4, 5132, 9217, NULL);
INSERT INTO `product` VALUES (365, 'JJC 适用佳能镜头盖58mm 18-55 90D 200DII 200D二代 800D 700D单反 富士18-55 XS10 XT30 XT3/4微单相机配件', 84, 165, 1, '2021-12-27 22:16:21', 'youxiji22.jpg', 21, 16.8, 6336, 4760, NULL);
INSERT INTO `product` VALUES (366, '华为手表智能手表 儿童电话手表4X 通话定位手表自营 高清双摄像头/4G全网通/11重定位 学生男孩女孩 樱语粉', 84, 116, 1, '2021-12-27 22:16:21', 'youxiji23.jpg', 1398, 1118.4, 8839, 8690, NULL);
INSERT INTO `product` VALUES (367, '沣标（FB）CFexpress-3.1 Type-B 专业级 USB3.1高速读卡器 FB-CFeTB 金属 读卡器 黑色', 84, 196, 1, '2021-12-27 22:16:22', 'youxiji24.jpg', 499, 399.2, 6919, 2275, NULL);
INSERT INTO `product` VALUES (368, '飞利浦（PHILIPS）VTR8080 录音笔 离线翻译 实时语音转文字 拍照翻译 高清降噪 灰色 16GB', 84, 82, 1, '2021-12-27 22:16:22', 'youxiji25.jpg', 999, 799.2, 8128, 2556, NULL);
INSERT INTO `product` VALUES (369, 'miliboo米泊铁塔MTT711B摄像机三脚架 碳纤维专业摄影大三角架 带液压云台', 84, 192, 1, '2021-12-27 22:16:22', 'youxiji26.jpg', 1890, 1512, 4541, 2936, NULL);
INSERT INTO `product` VALUES (370, '科大讯飞（IFLYTEK）讯飞翻译机3.0 lite 金色', 84, 50, 1, '2021-12-27 22:16:23', 'youxiji27.jpg', 2999, 2399.2, 9389, 9229, NULL);
INSERT INTO `product` VALUES (371, '朗科（Netac）K330 银姬系列 1TB 2TB 移动硬盘 2.5英寸全金属高速USB3.0 K330 1TB', 84, 92, 1, '2021-12-27 22:16:23', 'youxiji28.jpg', 440, 352, 5717, 1207, NULL);
INSERT INTO `product` VALUES (372, '360平衡车双轮智能成年儿童两轮体感车平行带扶杆P1耀岩黑', 84, 128, 1, '2021-12-27 22:16:23', 'youxiji29.jpg', 1999, 1599.2, 7523, 2728, NULL);
INSERT INTO `product` VALUES (373, '富图宝（Fotopro）E-4CE+42Q 碳纤维中轴倒置五节折叠便携数码相机微单摄影三脚架', 84, 118, 1, '2021-12-27 22:16:24', 'youxiji30.jpg', 658, 526.4, 9800, 2066, NULL);
INSERT INTO `product` VALUES (374, 'JDRead B1 Bigme智能办公本10.3英寸电子墨水屏阅读器语音转写 纸感书写4G移动网络前光笔记本远程遥控笔', 84, 82, 1, '2021-12-27 22:16:24', 'youxiji31.jpg', 4299, 3439.2, 8802, 8105, NULL);
INSERT INTO `product` VALUES (375, '思锐（SIRUI）三脚架 R2004+G20KX 含云台佳能尼康单反相机三角架铝合金 单反相机三脚架 专业稳定 微单通用', 84, 92, 1, '2021-12-27 22:16:24', 'youxiji32.jpg', 646, 516.8, 2585, 2488, NULL);
INSERT INTO `product` VALUES (376, 'Ninebot九号儿童平衡车滑步车自行车护具套装护膝护肘护掌 透气不闷头 黄色', 84, 139, 1, '2021-12-27 22:16:25', 'youxiji33.jpg', 89, 71.2, 2113, 2780, NULL);
INSERT INTO `product` VALUES (377, '科大讯飞 双屏翻译机 AIT-P10 多语种离线翻译器翻译棒 同声字幕翻译笔 商务黑', 84, 172, 1, '2021-12-27 22:16:25', 'youxiji34.jpg', 4989, 3991.2, 5644, 1736, NULL);
INSERT INTO `product` VALUES (378, '新佰（XINBAI）simple胶片相机傻瓜相机复古胶卷ins非一次性防水照相机摄影学生送礼物 宇宙飞船', 84, 51, 1, '2021-12-27 22:16:25', 'youxiji35.jpg', 39.9, 31.92, 7486, 5497, NULL);
INSERT INTO `product` VALUES (379, '尼康 （Nikon）尼克尔 Z 微距 50mm f/2.8 全画幅 微单 微距镜头 尼康镜头 植物/人像', 84, 30, 1, '2021-12-27 22:16:26', 'youxiji36.jpg', 4799, 3839.2, 3016, 6836, NULL);
INSERT INTO `product` VALUES (380, '松典DC101A 数码照相机4K微单卡片机入门级单反傻瓜相机小型家用翻转自拍屏 32G+广角镜 标配', 84, 149, 1, '2021-12-27 22:16:26', 'youxiji37.jpg', 529, 423.2, 3341, 1845, NULL);
INSERT INTO `product` VALUES (381, 'SUREWO For GoPro配件套装hero10 9 8 7 6 5胸带自拍杆支架防水壳收纳包 gopro10/9配件豪华套装', 84, 88, 1, '2021-12-27 22:16:26', 'youxiji38.jpg', 399, 319.2, 3401, 8950, NULL);
INSERT INTO `product` VALUES (382, '适马（SIGMA）Art 24-70mm F2.8 DG DN 全画幅微单 人像旅游 索尼E口', 84, 174, 1, '2021-12-27 22:16:27', 'youxiji39.jpg', 7399, 5919.2, 9255, 4805, NULL);
INSERT INTO `product` VALUES (383, '劲码 GoPro hero 5 6 7 Black防水壳 潜水保护壳 边框 GoPro7配件', 84, 137, 1, '2021-12-27 22:16:27', 'youxiji40.jpg', 65, 52, 6889, 3423, NULL);
INSERT INTO `product` VALUES (384, '佳能（Canon）PowerShot SX740 HS 数码相机 美颜自拍 家用卡片机 40倍长焦 黑色 官方标配+64G卡+包', 84, 69, 1, '2021-12-27 22:16:28', 'youxiji41.jpg', 3899, 3119.2, 1144, 8261, NULL);
INSERT INTO `product` VALUES (385, '初步254K DV摄像机手持式4K摄录一体机 高清专业直播vlog短视频便携手持录像机 官方标配 64G内存卡', 84, 36, 1, '2021-12-27 22:16:28', 'youxiji42.jpg', 688, 550.4, 9410, 5269, NULL);
INSERT INTO `product` VALUES (386, '佳能（Canon）EOS 6D Mark II全画幅专业单反机身 2620万像素 全高清视频 （含国产配件128G卡+包+清洁套）', 84, 107, 1, '2021-12-27 22:16:28', 'youxiji43.jpg', 11400, 9120, 7612, 1485, NULL);
INSERT INTO `product` VALUES (387, '富士立拍立得彩色滤镜自拍镜mini7/mini8/mini9/mini11相机自拍镜 白色【适用mini7+】', 84, 173, 1, '2021-12-27 22:16:29', 'youxiji44.jpg', 19.9, 15.92, 2314, 6618, NULL);
INSERT INTO `product` VALUES (388, 'GoPro10\\/9\\/8\\/7配件hero6\\/5\\/4小蚁大疆灵眸头戴胸带浮漂背包夹自拍杆手带 3M弧面底座', 84, 105, 1, '2021-12-27 22:16:29', 'youxiji45.jpg', 10, 8, 7371, 6403, NULL);
INSERT INTO `product` VALUES (389, '富士instax立拍立得 数模一次成像相机（具有手机照片打印功能）mini Liplay 腮红金', 84, 151, 1, '2021-12-27 22:16:29', 'youxiji46.jpg', 1299, 1039.2, 4160, 5436, NULL);
INSERT INTO `product` VALUES (390, '铭匠光学35mm f1.4大光圈人像定焦微单镜头适用富士X佳能小痰盂索尼E卡口松下m43尼康Z相机 黑色【标准版图案】 富士口（富士微单）', 84, 69, 1, '2021-12-27 22:16:30', 'youxiji47.jpg', 365, 292, 7271, 5248, NULL);
INSERT INTO `product` VALUES (391, '史历克GoPro98潜水补光灯夜视灯Hero6 5配件大疆osmo灵眸运动相机补光灯水下夜间拍摄', 84, 129, 1, '2021-12-27 22:16:30', 'youxiji48.jpg', 159, 127.2, 2301, 2594, NULL);
INSERT INTO `product` VALUES (392, '彩族DC402 数码相机入门学生卡片机 随身迷你便携ccd傻瓜美颜照相机旅游高清儿童vlog小型相机 深空黑 【64G内存卡+双电池+座充】自带美颜丨人脸识别', 84, 106, 1, '2021-12-27 22:16:31', 'youxiji49.jpg', 449, 359.2, 9005, 4869, NULL);
INSERT INTO `product` VALUES (393, '奥古狮登老爹鞋女ins潮2021时尚新款百搭熊猫鞋松糕底网红运动休闲女鞋 20176灰黑【不加绒】 37', 129, 46, 1, '2021-12-27 22:26:29', 'nvxie1.jpg', 129, 103.2, 1329, 9467, NULL);
INSERT INTO `product` VALUES (394, '天美意烟筒靴女2021冬新款商场同款复古气质切尔西女靴短靴BB011DD1 黑色/绒里 37', 129, 126, 1, '2021-12-27 22:26:30', 'nvxie2.jpg', 619, 495.2, 7205, 9756, NULL);
INSERT INTO `product` VALUES (395, 'Dickies马丁靴女靴系带拉链 经典光面8孔 厚底英伦风单靴工装风轻 黑色 37(女)', 129, 169, 1, '2021-12-27 22:26:30', 'nvxie3.jpg', 369, 295.2, 8317, 7390, NULL);
INSERT INTO `product` VALUES (396, '【倪妮同款】ECCO爱步乐福鞋2021新款牛皮厚底粗跟一脚蹬单鞋女 摩登490013 石灰色49001301378 37（鞋码偏大，建议拍小一码）', 129, 52, 1, '2021-12-27 22:26:30', 'nvxie4.jpg', 1799, 1439.2, 1809, 4484, NULL);
INSERT INTO `product` VALUES (397, '奥古狮登小白鞋女2021百搭休闲情侣鞋新款韩版运动休闲鞋厚底增高板鞋女 新品 白黑【皮面款】 37', 129, 30, 1, '2021-12-27 22:26:30', 'nvxie5.jpg', 119, 95.2, 9553, 2780, NULL);
INSERT INTO `product` VALUES (398, '【热卖爆款】Tata他她切尔西靴女中跟烟筒靴舒适百搭短靴女2021冬新WAC01DD1 黑色（绒里） 37', 129, 142, 1, '2021-12-27 22:26:30', 'nvxie6.jpg', 539, 431.2, 5347, 3092, NULL);
INSERT INTO `product` VALUES (399, '茵曼女鞋2021秋季新款时尚布洛克系带单鞋休闲百搭复古牛皮鞋子女 星石黑 37', 129, 89, 1, '2021-12-27 22:26:30', 'nvxie7.jpg', 399, 319.2, 9856, 8690, NULL);
INSERT INTO `product` VALUES (400, '天美意小白鞋女厚底单鞋2021秋季新款女鞋百搭休闲鞋低帮帆布鞋女 1BX01CM1 啡色 36', 129, 157, 1, '2021-12-27 22:26:30', 'nvxie8.jpg', 379, 303.2, 7666, 1644, NULL);
INSERT INTO `product` VALUES (401, '奥康（Aokang）女鞋 学院风一脚蹬百搭英伦女乐福鞋1214414006黑36码', 129, 118, 1, '2021-12-27 22:26:31', 'nvxie9.jpg', 269, 215.2, 9562, 7141, NULL);
INSERT INTO `product` VALUES (402, '百丽厚底烟筒靴女冬新款商场同款时尚撞色显瘦切尔西松糕中筒靴子B0602DZ1【B】 黑/绿-中筒-单里 36', 129, 150, 1, '2021-12-27 22:26:31', 'nvxie10.jpg', 669, 535.2, 1299, 2517, NULL);
INSERT INTO `product` VALUES (403, '百丽马丁靴女冬新款牛皮英伦风厚底8孔ins潮流短靴女单靴3TP47DD1【B】 黑色-单里 38', 129, 167, 1, '2021-12-27 22:26:31', 'nvxie11.jpg', 719, 575.2, 7000, 6027, NULL);
INSERT INTO `product` VALUES (404, 'Dickies低帮帆布鞋女新款经典休闲鞋女鞋硫化鞋情侣鞋 白色 37', 129, 141, 1, '2021-12-27 22:26:31', 'nvxie12.jpg', 279, 223.2, 7709, 6990, NULL);
INSERT INTO `product` VALUES (405, '实体店供货！法式气质高跟鞋女细跟2021年春新款网红设计感小众黑色尖头足姿媚 黑色6cm 35', 129, 14, 1, '2021-12-27 22:26:31', 'nvxie13.jpg', 198, 158.4, 5941, 5635, NULL);
INSERT INTO `product` VALUES (406, '盼洁Pansy日本居家用情侣拖鞋防滑室内地板静音男女四季9505 男款 军绿色 Khaki 42-43', 129, 11, 1, '2021-12-27 22:26:31', 'nvxie14.jpg', 399, 319.2, 1569, 7543, NULL);
INSERT INTO `product` VALUES (407, '夏沫帆布鞋女2021年秋季新款韩版学生百搭经典休闲小恐龙板鞋 卡其色 36', 129, 105, 1, '2021-12-27 22:26:31', 'nvxie15.jpg', 58.8, 47.04, 1016, 1012, NULL);
INSERT INTO `product` VALUES (408, '实体店供货！高跟鞋女学生2021百搭6cm细跟尖头猫跟单鞋一字带凉鞋足姿媚 黑色8CM｛高档面料｝ 36', 129, 65, 1, '2021-12-27 22:26:32', 'nvxie16.jpg', 186, 148.8, 1388, 3759, NULL);
INSERT INTO `product` VALUES (409, '茵曼女鞋英伦风柔软系带圆头小皮鞋简约小香风时尚方跟牛皮单鞋 星石黑 37', 129, 27, 1, '2021-12-27 22:26:32', 'nvxie17.jpg', 399, 319.2, 4765, 7290, NULL);
INSERT INTO `product` VALUES (410, 'Dickies高帮帆布鞋女鞋水晶果冻底个性魔术贴休闲鞋 果冻粉 37', 129, 152, 1, '2021-12-27 22:26:32', 'nvxie18.jpg', 359, 287.2, 2547, 7269, NULL);
INSERT INTO `product` VALUES (411, '实体店供货！足姿媚高跟鞋女细跟2021新款百搭法式少女复古少女秋款6cm小单鞋足姿媚 深红色6cm｛高档面料｝ 38', 129, 184, 1, '2021-12-27 22:26:32', 'nvxie19.jpg', 189, 151.2, 9535, 3034, NULL);
INSERT INTO `product` VALUES (412, 'ECCO爱步休闲鞋女 2021年新品拼色板鞋德训鞋 街头趣闯291183 白色/藻绿色/银粉色29118360122 39', 129, 56, 1, '2021-12-27 22:26:32', 'nvxie20.jpg', 1799, 1439.2, 1397, 3554, NULL);
INSERT INTO `product` VALUES (413, '【预售】百思图2021冬季新款方头粗高跟优雅气质时装靴女短靴MD017DD1 米白色 36', 129, 180, 1, '2021-12-27 22:26:32', 'nvxie21.jpg', 449, 359.2, 7251, 5651, NULL);
INSERT INTO `product` VALUES (414, '热风马丁靴女2021年新款女士英伦风潮流ins百搭短靴女靴子 01黑色 36', 129, 148, 1, '2021-12-27 22:26:32', 'nvxie22.jpg', 269, 215.2, 1401, 2841, NULL);
INSERT INTO `product` VALUES (415, '金利来（goldlion）女鞋一脚蹬小皮鞋女单鞋平底乐福鞋女-J62OD060D-黑色-37', 129, 64, 1, '2021-12-27 22:26:33', 'nvxie23.jpg', 499, 399.2, 2418, 4096, NULL);
INSERT INTO `product` VALUES (416, '奥古狮登老爹鞋女2021新款加绒保暖休闲鞋韩版时尚运动小白鞋百搭学生ins跑步鞋女 20468【四季款5cm】米色 37', 129, 115, 1, '2021-12-27 22:26:33', 'nvxie24.jpg', 139, 111.2, 9122, 6897, NULL);
INSERT INTO `product` VALUES (417, '思加图2021冬季新款英伦风皮带扣骑士靴长筒靴超长靴女皮靴EC304DC1 黑色（单里） 37', 129, 177, 1, '2021-12-27 22:26:33', 'nvxie25.jpg', 2858, 2286.4, 8266, 5994, NULL);
INSERT INTO `product` VALUES (418, '【店长力荐】森达2021秋季新款商场同款时尚马衔扣气质平跟女单鞋3EG01CA1 米白 37', 129, 135, 1, '2021-12-27 22:26:33', 'nvxie26.jpg', 459, 367.2, 9775, 4093, NULL);
INSERT INTO `product` VALUES (419, '斯凯奇Skechers女鞋厚底松糕老爹鞋熊猫鞋绑带休闲运动鞋11914 黑色/白色BKW 35.0', 129, 87, 1, '2021-12-27 22:26:33', 'nvxie27.jpg', 369, 295.2, 5785, 2339, NULL);
INSERT INTO `product` VALUES (420, '斯凯奇 Skechers Skechers斯凯奇鞋子2021男女同款厚底休闲老爹鞋撞色运动鞋149492 BKW黑色/白色 37', 129, 160, 1, '2021-12-27 22:26:34', 'nvxie28.jpg', 429, 343.2, 6802, 6546, NULL);
INSERT INTO `product` VALUES (421, 'Dickies马丁靴女靴子女8孔新款短靴女显脚小女英伦风拉链系带 黑色 37', 129, 110, 1, '2021-12-27 22:26:34', 'nvxie29.jpg', 489, 391.2, 4367, 1834, NULL);
INSERT INTO `product` VALUES (422, '【人气搭配】茵曼女鞋小皮鞋黑色女英伦风女鞋休闲单鞋女复古厚底马丁鞋女百搭 摩卡棕 37', 129, 81, 1, '2021-12-27 22:26:34', 'nvxie30.jpg', 369, 295.2, 5972, 6393, NULL);
INSERT INTO `product` VALUES (423, 'BeauToday大码女鞋秋冬季松糕乐福鞋女加绒厚底休闲英伦风小皮鞋女士平底单鞋女JK鞋子女 经典黑（偏大半码） 38', 129, 12, 1, '2021-12-27 22:26:34', 'nvxie31.jpg', 499, 399.2, 7863, 3867, NULL);
INSERT INTO `product` VALUES (424, '奥古狮登小白鞋女2021新款韩版百搭平底运动休闲白鞋原宿ulzzang透气舒适板鞋 新品 G801全白【四季款】 37', 129, 53, 1, '2021-12-27 22:26:34', 'nvxie32.jpg', 63, 50.4, 8616, 7442, NULL);
INSERT INTO `product` VALUES (425, '鮀品官网2021年夏季新款板鞋女韩版百搭小白鞋ins潮网红同款学生休闲鞋日系运动鞋女鞋子 鮀品米兰灰 39', 129, 142, 1, '2021-12-27 22:26:35', 'nvxie33.jpg', 79, 63.2, 8660, 8589, NULL);
INSERT INTO `product` VALUES (426, '意尔康女鞋一脚蹬乐福鞋女通勤复古圆头单鞋百搭休闲小皮鞋 Y562ZB49474W 黑色 38', 129, 150, 1, '2021-12-27 22:26:35', 'nvxie34.jpg', 139, 111.2, 2783, 5587, NULL);
INSERT INTO `product` VALUES (427, '意尔康女鞋透气网面老爹鞋女百搭学生运动休闲鞋63001105 纯洁白 36', 129, 51, 1, '2021-12-27 22:26:35', 'nvxie35.jpg', 209, 167.2, 6852, 9565, NULL);
INSERT INTO `product` VALUES (428, '【倪妮同款】ECCO爱步运动鞋女2021新款轻便老爹鞋运动休闲鞋 跃乐810853 石灰色81085359113 37', 129, 142, 1, '2021-12-27 22:26:35', 'nvxie36.jpg', 2399, 1919.2, 3823, 6399, NULL);
INSERT INTO `product` VALUES (429, 'BeauToday女士浅口单鞋英伦风厚底乐福鞋女鞋夏季百搭平底鞋女粗跟小皮鞋女日系jk鞋时尚一脚蹬女 经典黑 现货 35', 129, 39, 1, '2021-12-27 22:26:35', 'nvxie37.jpg', 590, 472, 9303, 6985, NULL);
INSERT INTO `product` VALUES (430, '斯凯奇（Skechers）休闲运动鞋 D\'lites 黑白熊猫款 情侣款男女同款66666179黑色/白色 36.5', 129, 102, 1, '2021-12-27 22:26:35', 'nvxie38.jpg', 539, 431.2, 3810, 3415, NULL);
INSERT INTO `product` VALUES (431, '实体店供货！粗跟切尔西靴女2021新款百搭尖头绒面英伦风短靴春秋单靴高跟鞋足姿媚女 灰色【春秋款】 39', 129, 113, 1, '2021-12-27 22:26:36', 'nvxie39.jpg', 198, 158.4, 1636, 6323, NULL);
INSERT INTO `product` VALUES (432, 'Tata他她老爹鞋女透气休闲运动鞋百搭网鞋女薄款2021秋GCL01CM1 米色 36', 129, 126, 1, '2021-12-27 22:26:36', 'nvxie40.jpg', 509, 407.2, 6369, 1043, NULL);
INSERT INTO `product` VALUES (433, 'BeauToday2021秋季牛津鞋女布洛克复古英伦风女鞋小皮鞋女士单鞋女厚底 棕黄色 37', 129, 195, 1, '2021-12-27 22:26:37', 'nvxie41.jpg', 469, 375.2, 7693, 7788, NULL);
INSERT INTO `product` VALUES (434, '斯凯奇Skechers一脚套懒人健步鞋 舒适透气休闲运动鞋女鞋124090 深紫色DKPR 36', 129, 44, 1, '2021-12-27 22:26:37', 'nvxie42.jpg', 329, 263.2, 4370, 3450, NULL);
INSERT INTO `product` VALUES (435, 'BeauToday2021英伦风女鞋秋季小皮鞋粗跟单鞋女士乐福鞋女平底鞋 英伦咖 37', 129, 153, 1, '2021-12-27 22:26:37', 'nvxie43.jpg', 399, 319.2, 1071, 8296, NULL);
INSERT INTO `product` VALUES (436, 'JoyPeace/真美诗2021秋季新款商场同款时尚休闲乐福鞋YOK23CA1 黑色 36', 129, 41, 1, '2021-12-27 22:26:37', 'nvxie44.jpg', 898, 718.4, 7047, 2804, NULL);
INSERT INTO `product` VALUES (437, '澳洲OZZEG 豆豆鞋女单鞋秋季真皮低帮平底休闲鞋防滑软底孕妇鞋一脚蹬乐福鞋 金色 37', 129, 137, 1, '2021-12-27 22:26:37', 'nvxie45.jpg', 318, 254.4, 9198, 2613, NULL);
INSERT INTO `product` VALUES (438, '澳洲OZZEG 豆豆鞋女秋季真皮透气休闲单鞋平底防滑孕妇鞋软底乐福鞋一脚蹬 暮粉色 37', 129, 66, 1, '2021-12-27 22:26:38', 'nvxie46.jpg', 318, 254.4, 8727, 1788, NULL);
INSERT INTO `product` VALUES (439, '茵曼女鞋2021年秋新款英伦风小皮鞋女荷叶边低跟单鞋女 水墨黑 37', 129, 167, 1, '2021-12-27 22:26:38', 'nvxie47.jpg', 399, 319.2, 1221, 6167, NULL);
INSERT INTO `product` VALUES (440, '【加绒可选】西遇乐福鞋女黑色小皮鞋女英伦休闲风2021新款春秋季马衔扣厚底粗跟单鞋D0004109 黑色 37', 129, 136, 1, '2021-12-27 22:26:38', 'nvxie48.jpg', 199, 159.2, 5822, 1298, NULL);
INSERT INTO `product` VALUES (441, '思加图2021秋季新款优雅蝴蝶结水钻尖头浅口鞋单鞋女皮鞋EBZ05CQ1 深灰 37', 129, 102, 1, '2021-12-27 22:26:38', 'nvxie49.jpg', 1098, 878.4, 3963, 3402, NULL);
INSERT INTO `product` VALUES (442, '澳洲OZZEG 豆豆鞋女2021秋季新款真皮镂空透气平底鞋一脚蹬软底单鞋 羊灰色 37', 129, 44, 1, '2021-12-27 22:26:39', 'nvxie50.jpg', 318, 254.4, 1202, 3850, NULL);
INSERT INTO `product` VALUES (443, '澳洲OZZEG 豆豆鞋女秋季透气真皮平底休闲女单鞋防滑软底孕妇鞋懒人一脚蹬 深紫色 37', 129, 124, 1, '2021-12-27 22:26:39', 'nvxie51.jpg', 318, 254.4, 4548, 8843, NULL);
INSERT INTO `product` VALUES (444, '茵曼女鞋女2021新款真皮方头单鞋一脚蹬玛丽珍鞋法式浅口仙女风单鞋 草绿色 36', 129, 165, 1, '2021-12-27 22:26:39', 'nvxie52.jpg', 369, 295.2, 9384, 4190, NULL);
INSERT INTO `product` VALUES (445, '夏沫休闲小白鞋女加绒2021秋冬季新款韩版百搭学生高帮板鞋女厚底运动女鞋 T629-1白红加绒 38', 129, 32, 1, '2021-12-27 22:26:39', 'nvxie53.jpg', 89, 71.2, 6619, 7566, NULL);
INSERT INTO `product` VALUES (446, '百田森2021秋季新款商场同款牛皮乐福鞋女英伦风低跟平底软皮单鞋 米白色 36', 129, 191, 1, '2021-12-27 22:26:40', 'nvxie54.jpg', 569, 455.2, 3952, 9770, NULL);
INSERT INTO `product` VALUES (447, '康莉2021秋季新款单鞋女浅口中跟软底金属方扣方头粗跟工作鞋 黑色（牛漆皮） 35', 129, 93, 1, '2021-12-27 22:26:40', 'nvxie55.jpg', 489, 391.2, 3205, 2225, NULL);
INSERT INTO `product` VALUES (448, '茵曼女鞋复古玛丽珍鞋2021新款秋丁字带浅口单鞋女低跟英伦风小皮鞋 午夜黑 37', 129, 152, 1, '2021-12-27 22:26:40', 'nvxie56.jpg', 399, 319.2, 1517, 3028, NULL);
INSERT INTO `product` VALUES (449, '夏沫小白鞋女高帮2021秋季新款韩版百搭学生厚底增高运动休闲板鞋女 白兰色单里 37', 129, 114, 1, '2021-12-27 22:26:40', 'nvxie57.jpg', 79, 63.2, 7677, 4380, NULL);
INSERT INTO `product` VALUES (450, '青婉田真皮玛丽珍女鞋2021秋季新款厚底松糕鞋复古洛丽塔jk鞋子中跟单鞋女 暗棕色 37', 129, 22, 1, '2021-12-27 22:26:40', 'nvxie58.jpg', 378, 302.4, 4122, 2033, NULL);
INSERT INTO `product` VALUES (451, '亲情夫人秋冬季妈妈鞋单鞋女牛皮软底平底舒适皮鞋民族风中老年女鞋 豆沙色 38', 129, 150, 1, '2021-12-27 22:26:40', 'nvxie59.jpg', 139, 111.2, 8198, 9438, NULL);
INSERT INTO `product` VALUES (452, 'ECCO爱步休闲鞋夏女鞋透气轻盈缓震运动鞋跑步鞋 健步2.0 800603 白色80060301007 37', 129, 19, 1, '2021-12-27 22:26:41', 'nvxie60.jpg', 2599, 2079.2, 3915, 8561, NULL);
INSERT INTO `product` VALUES (453, '中国电信 电信卡无限流量卡全国不限量卡手机卡0月租大王卡上网卡电话卡日租卡电信流量卡', 86, 174, 1, '2021-12-28 20:46:38', 'yunyanshang1.jpg', 7.9, 6.32, 5808, 9559, NULL);
INSERT INTO `product` VALUES (454, '中国移动 移动流量卡纯上网4g5g手机卡电话卡无限流量卡不限速上网卡0月租全国通用大王卡 19元可可卡-19元/月60G全国流量-K59', 86, 145, 1, '2021-12-28 20:46:39', 'yunyanshang2.jpg', 15.9, 12.72, 4570, 4087, NULL);
INSERT INTO `product` VALUES (455, '中国电信 电信流量卡纯上网不限速电话卡手机卡5g无线上网卡手机号卡腾讯包年流量卡大王卡星卡校园卡 【传奇卡】39元/月200G流量', 86, 72, 1, '2021-12-28 20:46:39', 'yunyanshang3.jpg', 9.9, 7.92, 5201, 5347, NULL);
INSERT INTO `product` VALUES (456, '中国联通 联通流量卡纯上网5g4g电话手机卡腾讯日租大王卡无限纯流量不限速上网卡手机号通话卡 5G夏凉卡89元含100G通用流量+1500分钟', 86, 71, 1, '2021-12-28 20:46:39', 'yunyanshang4.jpg', 39.9, 31.92, 4845, 2820, NULL);
INSERT INTO `product` VALUES (457, '中国电信 电信流量卡纯上网不限速电话卡手机卡5g无线上网卡手机号卡腾讯包年流量卡大王卡星卡校园卡 【麒麟卡】29元/月150G流量', 86, 186, 1, '2021-12-28 20:46:40', 'yunyanshang5.jpg', 9.9, 7.92, 4725, 4812, NULL);
INSERT INTO `product` VALUES (458, '西门子（SIEMENS）蒸烤箱一体机嵌入式 智能蒸汽烤箱蒸箱烤箱二合一45升大容量 双重自清洁 CS289ABS0W', 79, 89, 1, '2021-12-28 20:54:21', 'youyinji1.jpg', 7999, 6399.2, 5201, 1484, NULL);
INSERT INTO `product` VALUES (459, '容声(Ronshen)【离子净味系列】536升双变频对开门双开门冰箱家用风冷无霜大容量BCD-536WD18HP超薄节能净味', 79, 119, 1, '2021-12-28 20:54:21', 'youyinji2.jpg', 2999, 2399.2, 1665, 8500, NULL);
INSERT INTO `product` VALUES (460, '西门子（SIEMENS）西班牙原装进口 双重烘干 高温除菌家用嵌入式洗碗机 刷碗机10套 SC73M612TI', 79, 154, 1, '2021-12-28 20:54:22', 'youyinji3.jpg', 6199, 4959.2, 6709, 4452, NULL);
INSERT INTO `product` VALUES (461, '老板(Robam) 抽油烟机 灶具烟灶套装21风量双腔欧式免拆洗静音吸油烟机燃气灶烟机灶具套装60A1+57B2(天然气)', 79, 135, 1, '2021-12-28 20:54:22', 'youyinji4.jpg', 5499, 4399.2, 2919, 8613, NULL);
INSERT INTO `product` VALUES (462, '海尔(Haier)595升星蕴旗舰变频风冷无霜对开门冰箱大容积干湿分储多路送风90°悬停门DEO净味BCD-595WFPB', 79, 79, 1, '2021-12-28 20:54:23', 'youyinji5.jpg', 4799, 3839.2, 3795, 2187, NULL);
INSERT INTO `product` VALUES (463, '亿田（entive）D2ZK 集成灶蒸烤一体侧吸抽油烟机烟灶套装燃气灶钢化玻璃台面 天然气', 79, 73, 1, '2021-12-28 20:54:23', 'youyinji6.jpg', 13800, 11040, 8532, 7195, NULL);
INSERT INTO `product` VALUES (464, '老板（Robam）抽油烟机 烟灶套装免拆洗静音侧吸油烟机燃气灶家用吸油烟机灶具以旧换新27A3H+57B2（天然气）', 79, 157, 1, '2021-12-28 20:54:23', 'youyinji7.jpg', 4899, 3919.2, 9223, 8852, NULL);
INSERT INTO `product` VALUES (465, 'TCL 520升 双变频风冷无霜对开双开门电冰箱 双温区双循环 AAT养鲜 WIFI智控 京东小家 BCD-520WPJD', 79, 10, 1, '2021-12-28 20:54:24', 'youyinji8.jpg', 2368, 1894.4, 2245, 9947, NULL);
INSERT INTO `product` VALUES (466, '米家 小米空调（MI）1.5匹 睡眠款 新一级能效 变频冷暖 智能自清洁 壁挂式空调挂机 KFR-35GW/S1A1 以旧换新', 79, 120, 1, '2021-12-28 20:54:24', 'youyinji9.jpg', 2199, 1759.2, 6818, 6428, NULL);
INSERT INTO `product` VALUES (467, '方太 抽油烟机 家用抽吸油烟机 欧式顶吸式脱排油烟机 纯平触控20立方一键瞬吸大风量 以旧换新EMC5', 79, 94, 1, '2021-12-28 20:54:25', 'youyinji10.jpg', 2299, 1839.2, 2368, 8069, NULL);
INSERT INTO `product` VALUES (468, '西门子(SIEMENS) SJ636X04JC(含黑色门板) 12套大容量 六种程序 智能变频 加强除菌 嵌入式家用洗碗机', 79, 126, 1, '2021-12-28 20:54:25', 'youyinji11.jpg', 8999, 7199.2, 7186, 1116, NULL);
INSERT INTO `product` VALUES (469, '海尔（Haier）13升水气双调燃气热水器智能防冻三档变升恒温芯恒温JSQ25-13WGS(12T)天然气 *', 79, 47, 1, '2021-12-28 20:54:25', 'youyinji12.jpg', 1599, 1279.2, 8071, 5271, NULL);
INSERT INTO `product` VALUES (470, '格力（GREE）大1匹 云佳 新一级能效 变频冷暖 自清洁 壁挂式空调挂机KFR-26GW/NhGc1B以旧换新', 79, 40, 1, '2021-12-28 20:54:26', 'youyinji13.jpg', 2899, 2319.2, 9925, 2968, NULL);
INSERT INTO `product` VALUES (471, '海信（Hisense）55E3F 55英寸 4K超高清智慧语音 超薄悬浮全面屏 智能液晶教育彩电电视机支持投屏 以旧换新', 79, 58, 1, '2021-12-28 20:54:26', 'youyinji14.jpg', 2299, 1839.2, 4830, 4666, NULL);
INSERT INTO `product` VALUES (472, '美的（Midea）16升燃气热水器天然气 增压水伺服恒温磁净化健康洗 京东小家智能生态JSQ30-MK3 以旧换新', 79, 147, 1, '2021-12-28 20:54:27', 'youyinji15.jpg', 1549, 1239.2, 7249, 5151, NULL);
INSERT INTO `product` VALUES (473, '老板（Robam） JZT-37B6A燃气灶 4.5kW嵌入式钢化玻璃灶具 家用可调节灶具 65%热效率（天然气）以旧换新', 79, 66, 1, '2021-12-28 20:54:27', 'youyinji16.jpg', 1999, 1599.2, 6363, 1467, NULL);
INSERT INTO `product` VALUES (474, '海信（Hisense）60E3F 60英寸 4K超高清智慧语音 超薄悬浮全面屏 智能液晶教育彩电电视机支持投屏 以旧换新', 79, 139, 1, '2021-12-28 20:54:27', 'youyinji17.jpg', 2499, 1999.2, 1567, 5347, NULL);
INSERT INTO `product` VALUES (475, '海尔（Haier）12升燃气热水器天然气水气双调智能恒温多重防冻五重净化金色家用JSQ22-12UTS(12T)', 79, 34, 1, '2021-12-28 20:54:28', 'youyinji18.jpg', 798, 638.4, 4265, 1859, NULL);
INSERT INTO `product` VALUES (476, 'TCL 大1匹 新三级能效 变频冷暖 第六感 除菌智清洁技术 壁挂式 挂式空调挂机KFRd-26GW/D-XQ11Bp(B3)卧室', 79, 189, 1, '2021-12-28 20:54:28', 'youyinji19.jpg', 1768, 1414.4, 7316, 7076, NULL);
INSERT INTO `product` VALUES (477, '海信（Hisense）55E3F-PRO 55英寸 4K HDR智慧屏 2+32GB AI声控 MEMC超薄全面屏液晶智能教育电视机 以旧换新', 79, 177, 1, '2021-12-28 20:54:28', 'youyinji20.jpg', 2399, 1919.2, 2849, 9852, NULL);
INSERT INTO `product` VALUES (478, '火星人 marssenger T7BC 集成灶蒸烤一体集成灶油烟机燃气灶侧吸抽油烟机烟灶套装燃气灶玻璃台面 天然气', 79, 102, 1, '2021-12-28 20:54:29', 'youyinji21.jpg', 16980, 13584, 6561, 1787, NULL);
INSERT INTO `product` VALUES (479, '西门子(SIEMENS) 502升 变频风冷无霜冰箱双开门对开门冰箱 超薄简约 白色 BCD-502W(KA50NE20TI)', 79, 30, 1, '2021-12-28 20:54:29', 'youyinji22.jpg', 6999, 5599.2, 1740, 5813, NULL);
INSERT INTO `product` VALUES (480, '美的（Midea）15套大容量 嵌入式 骄阳家用洗碗机 热风烘干 银离子净味 双驱变频 智能家电 自动刷碗机RX600', 79, 144, 1, '2021-12-28 20:54:30', 'youyinji23.jpg', 6499, 5199.2, 4399, 8463, NULL);
INSERT INTO `product` VALUES (481, '方太 抽油烟机 全新侧吸式家用抽油烟机 脱排油烟机 21风量挥手智控风魔方 CXW-258-JCD7 以旧换新', 79, 58, 1, '2021-12-28 20:54:30', 'youyinji24.jpg', 2499, 1999.2, 2413, 2450, NULL);
INSERT INTO `product` VALUES (482, '西门子(SIEMENS) 610升 变频风冷无霜对开双开门冰箱 大容量 速冷速冻（银色） BCD-610W(KA92NV60TI)', 79, 194, 1, '2021-12-28 20:54:31', 'youyinji25.jpg', 6699, 5359.2, 3946, 3522, NULL);
INSERT INTO `product` VALUES (483, '米家 小米空气净化器Pro 家用除甲醛除菌除异味除二手烟味 低噪设计 AC-M3-CA 66W', 79, 14, 1, '2021-12-28 20:54:31', 'youyinji26.jpg', 1299, 1039.2, 8145, 6100, NULL);
INSERT INTO `product` VALUES (484, '美的（Midea）电磁炉滑控调节火锅炉 2200W大功率微晶面板一键爆炒 智能定时 WH2202', 79, 15, 1, '2021-12-28 20:54:31', 'youyinji27.jpg', 169, 135.2, 3093, 2469, NULL);
INSERT INTO `product` VALUES (485, '美的(Midea) 新能效 智弧II 大1.5匹 智能家电 变频冷暖 京品家电 壁挂式空调挂机 以旧换新 KFR-35GW/N8XJC3', 79, 87, 1, '2021-12-28 20:54:32', 'youyinji28.jpg', 2529, 2023.2, 3574, 1878, NULL);
INSERT INTO `product` VALUES (486, '方太 抽油烟机 灶具套装 家用抽吸油烟机燃气灶 欧式顶吸一键瞬吸烟灶套装 EMC5+HT8BE.S天然气', 79, 127, 1, '2021-12-28 20:54:32', 'youyinji29.jpg', 2999, 2399.2, 5733, 8963, NULL);
INSERT INTO `product` VALUES (487, '飞利浦（PHILIPS）男士电动剃须刀干湿双剃刮胡刀新3系升级款（一键加速）', 79, 182, 1, '2021-12-28 20:54:33', 'youyinji30.jpg', 299, 239.2, 1812, 5837, NULL);
INSERT INTO `product` VALUES (488, 'HLA海澜之家牛仔裤男2021秋季新品亲肤透气经典基础直筒版型舒适休闲裤子男HKNAW3D009A 蓝灰12 175/84A', 115, 51, 1, '2021-12-28 21:00:51', 'nanzhuan1.jpg', 139, 111.2, 4347, 4298, NULL);
INSERT INTO `product` VALUES (489, '【李现同款】Levi\'s李维斯 经典五袋款男士502标准锥型牛仔裤 29507-0083 深牛仔色 32/32', 115, 198, 1, '2021-12-28 21:00:51', 'nanzhuan2.jpg', 459, 367.2, 3352, 2028, NULL);
INSERT INTO `product` VALUES (490, '熊猫本 2021牛仔裤男宽松潮牌秋夏水洗直筒裤松紧日系男士休闲长裤 蓝色（黑白抽绳随机） L', 115, 159, 1, '2021-12-28 21:00:52', 'nanzhuan3.jpg', 170.1, 136.08, 1354, 9965, NULL);
INSERT INTO `product` VALUES (491, '森马牛仔长裤男休闲弹力直筒裤2021新款ins潮牌男士水洗裤子 牛仔深蓝0840 31', 115, 148, 1, '2021-12-28 21:00:52', 'nanzhuan4.jpg', 139, 111.2, 4117, 3796, NULL);
INSERT INTO `product` VALUES (492, 'Lee XLINE21秋冬新款726标准中腰直脚蓝色男牛仔裤 深蓝色 33', 115, 196, 1, '2021-12-28 21:00:52', 'nanzhuan5.jpg', 469, 375.2, 3465, 4011, NULL);
INSERT INTO `product` VALUES (493, 'JackJones杰克琼斯男宽松水洗做旧百搭微弹休闲牛仔裤男士220332119 E40升级款 180/86A/LRW', 115, 75, 1, '2021-12-28 21:00:52', 'nanzhuan6.jpg', 269, 215.2, 5752, 6513, NULL);
INSERT INTO `product` VALUES (494, 'GXG男装【生活系列】21年冬季新款灰色火山岩保暖简约直筒牛仔裤 灰色 175/L', 115, 61, 1, '2021-12-28 21:00:53', 'nanzhuan7.jpg', 399, 319.2, 9243, 6874, NULL);
INSERT INTO `product` VALUES (495, 'Lee XLINE 21新款726标准直筒蓝色男牛仔裤L127263QJ 深蓝色 31/31 (130-140斤可选)', 115, 10, 1, '2021-12-28 21:00:53', 'nanzhuan8.jpg', 499, 399.2, 6082, 3191, NULL);
INSERT INTO `product` VALUES (496, '真维斯牛仔裤男2021冬季新款弹力水洗磨白休闲修身长裤JW 浅蓝色2511 33A', 115, 193, 1, '2021-12-28 21:00:53', 'nanzhuan9.jpg', 124.9, 99.92, 3542, 1740, NULL);
INSERT INTO `product` VALUES (497, '太平鸟男装 腰果花牛仔裤男7B型2021年秋季新款宽松锥形休闲长裤 蓝色 M', 115, 186, 1, '2021-12-28 21:00:54', 'nanzhuan10.jpg', 339, 271.2, 3032, 2116, NULL);
INSERT INTO `product` VALUES (498, '唐狮裤子男男士牛仔裤男秋冬新款港风潮牌宽松休闲修身直筒裤 中牛仔蓝/常规款 31', 115, 41, 1, '2021-12-28 21:00:54', 'nanzhuan11.jpg', 129.9, 103.92, 2944, 3611, NULL);
INSERT INTO `product` VALUES (499, 'Lee XLINE 21新款705标准中腰大锥形黑色男牛仔裤潮LMR7052YSBAW 黑色洗水(31裤长) 34', 115, 67, 1, '2021-12-28 21:00:54', 'nanzhuan12.jpg', 485, 388, 8185, 3411, NULL);
INSERT INTO `product` VALUES (500, 'Lee XLINE 21秋冬新款723修身直脚深蓝男牛仔裤LMB1007232VA-90S 深蓝色(31裤长) 29', 115, 196, 1, '2021-12-28 21:00:55', 'nanzhuan13.jpg', 436, 348.8, 5946, 7807, NULL);
INSERT INTO `product` VALUES (501, 'Levi\'s李维斯经典五袋款系列男士502标准锥型牛仔裤29507-0053 牛仔色 34/34', 115, 92, 1, '2021-12-28 21:00:55', 'nanzhuan14.jpg', 459, 367.2, 5534, 6539, NULL);
INSERT INTO `product` VALUES (502, 'Levi\'s李维斯男士511系列修身窄脚牛仔裤04511-1042 深蓝色 32/32', 115, 24, 1, '2021-12-28 21:00:56', 'nanzhuan15.jpg', 719, 575.2, 8619, 8520, NULL);
INSERT INTO `product` VALUES (503, 'bosie牛仔裤男印花时尚直筒宽松休闲修身长裤潮 蓝色 XL', 115, 91, 1, '2021-12-28 21:00:56', 'nanzhuan16.jpg', 299, 239.2, 3480, 4403, NULL);
INSERT INTO `product` VALUES (504, '利郎轻时尚官方男装LILANZ2021冬季新款牛仔裤男黑色水洗休闲长裤弹力通勤裤子男Q1DNZ203 牛仔黑 84', 115, 148, 1, '2021-12-28 21:00:57', 'nanzhuan17.jpg', 566, 452.8, 6415, 7868, NULL);
INSERT INTO `product` VALUES (505, 'CK Jeans男装运动楔形版中腰简约休闲复古牛仔裤J314965 1A4-蓝色 30', 115, 171, 1, '2021-12-28 21:00:57', 'nanzhuan18.jpg', 716, 572.8, 3276, 9359, NULL);
INSERT INTO `product` VALUES (506, 'CK Jeans2021秋冬新款男士低腰紧身合体蓝色水洗牛仔裤J319360 1A4-蓝色 30', 115, 30, 1, '2021-12-28 21:00:57', 'nanzhuan19.jpg', 845, 676, 6344, 6717, NULL);
INSERT INTO `product` VALUES (507, 'Levi\'s李维斯 经典五袋款系列 男士514舒适低腰直筒牛仔裤 00514-1240 深牛仔色 34/34', 115, 99, 1, '2021-12-28 21:00:58', 'nanzhuan20.jpg', 459, 367.2, 5511, 8273, NULL);
INSERT INTO `product` VALUES (508, 'Levi\'s李维斯经典五袋款系列男士511修身时尚牛仔裤 04511-0535 深牛仔色 32/32', 115, 178, 1, '2021-12-28 21:00:58', 'nanzhuan21.jpg', 489, 391.2, 5735, 1321, NULL);
INSERT INTO `product` VALUES (509, '美特斯邦威牛仔长裤男2021秋季新款简约潮流直筒小脚加绒长裤子男纯棉舒适 蓝色组 165/72A/S', 115, 103, 1, '2021-12-28 21:00:59', 'nanzhuan22.jpg', 199.9, 159.92, 9054, 9435, NULL);
INSERT INTO `product` VALUES (510, 'EVISU 2021年秋冬新款 男士红色小海鸥印花窄脚牛仔裤 2EAHTM1JE17617CS 牛仔蓝 32', 115, 67, 1, '2021-12-28 21:00:59', 'nanzhuan23.jpg', 1699, 1359.2, 2914, 3428, NULL);
INSERT INTO `product` VALUES (511, 'TOMMY JEANS 男装春秋经典简约休闲牛仔裤 DM0DM07563 牛仔蓝1A5 34', 115, 62, 1, '2021-12-28 21:00:59', 'nanzhuan24.jpg', 695, 556, 2404, 2061, NULL);
INSERT INTO `product` VALUES (512, 'SELECTED思莱德新街头风休闲明线修身弹力牛仔裤男S|422132006 牛仔蓝 175/80A/MR', 115, 109, 1, '2021-12-28 21:01:00', 'nanzhuan25.jpg', 599, 479.2, 7849, 8639, NULL);
INSERT INTO `product` VALUES (513, '溪木源山茶花沁透舒缓水乳5件套（精华水+精华乳+旅行2件套+面膜*1）敏感肌补水保湿 女士护肤套装礼盒', 121, 138, 1, '2021-12-28 21:05:35', 'meizhuan1.jpg', 169, 135.2, 5024, 1232, NULL);
INSERT INTO `product` VALUES (514, '兰蔻（LANCOME）菁纯眼霜臻颜焕亮眼霜20ml 化妆品护肤品礼盒提拉紧致淡化纹路修护眼周肌肤 新年礼物', 121, 26, 1, '2021-12-28 21:05:35', 'meizhuan2.jpg', 1080, 864, 5831, 1570, NULL);
INSERT INTO `product` VALUES (515, '逐本卸妆油【4代清欢卸妆油】倍速水洗卸妆油150ml植萃水感洁颜油眼唇卸妆温和敏感肌卸妆水乳新年礼物', 121, 17, 1, '2021-12-28 21:05:36', 'meizhuan3.jpg', 108, 86.4, 6964, 6067, NULL);
INSERT INTO `product` VALUES (516, '芙丽芳丝洗面奶氨基酸洁面乳freeplus男士女100g', 121, 172, 1, '2021-12-28 21:05:36', 'meizhuan4.jpg', 150, 120, 2880, 3834, NULL);
INSERT INTO `product` VALUES (517, '雅诗兰黛小棕瓶特润修护精华眼霜15ml熬夜蓝光眼霜淡化细纹黑眼圈护肤品套装新年礼物礼盒送女生', 121, 199, 1, '2021-12-28 21:05:36', 'meizhuan5.jpg', 530, 424, 7745, 7921, NULL);
INSERT INTO `product` VALUES (518, '小罐茶茶叶银罐特级乌龙茶大红袍茶4款茶20罐拼装茶叶礼盒80g （新老款随机）年货礼盒送礼佳品', 150, 145, 1, '2021-12-28 21:10:20', 'bingan1.jpg', 459, 367.2, 2190, 1582, NULL);
INSERT INTO `product` VALUES (519, '乐品乐茶 毛尖茶叶绿茶2021新茶雨前特级嫩芽散装春茶礼盒装250g(125g*2罐)', 150, 180, 1, '2021-12-28 21:10:20', 'bingan2.jpg', 99, 79.2, 6616, 5873, NULL);
INSERT INTO `product` VALUES (520, '一杯香茶叶绿茶明前龙井茶2盒共250g礼盒装2021新茶浓香型散装茗茶', 150, 151, 1, '2021-12-28 21:10:21', 'bingan3.jpg', 118, 94.4, 5541, 8483, NULL);
INSERT INTO `product` VALUES (521, '张一元茶叶 花茶花草茶 新茶浓香型茉莉花茶茉莉毛尖单罐装200g', 150, 132, 1, '2021-12-28 21:10:21', 'bingan4.jpg', 148, 118.4, 4246, 6607, NULL);
INSERT INTO `product` VALUES (522, '立顿Lipton 奶茶原料 红茶叶 黄牌精选经典 办公室下午茶 袋泡茶包 2g*100包', 150, 31, 1, '2021-12-28 21:10:22', 'bingan5.jpg', 43.9, 35.12, 6620, 8815, NULL);
INSERT INTO `product` VALUES (523, '卢正浩2021新茶上市 茶叶绿茶 明前浓香一级龙井茶叶春茶传统纸包（5022084）200g', 150, 95, 1, '2021-12-28 21:10:22', 'bingan6.jpg', 198, 158.4, 2993, 7386, NULL);
INSERT INTO `product` VALUES (524, '一杯香茶叶茉莉花茶特级2罐共500g礼盒装2021新茶花草茶浓香型散装茗茶', 150, 186, 1, '2021-12-28 21:10:22', 'bingan7.jpg', 118, 94.4, 9874, 6274, NULL);
INSERT INTO `product` VALUES (525, '大益普洱茶 茶叶 熟茶 经典系列7452 357克/饼 2019年7452一饼装', 150, 108, 1, '2021-12-28 21:10:23', 'bingan8.jpg', 138, 110.4, 3604, 9419, NULL);
INSERT INTO `product` VALUES (526, '卢正浩2021新茶上市 茶叶绿茶 雨前龙井茶叶春茶传统纸包（6052501）200g', 150, 197, 1, '2021-12-28 21:10:23', 'bingan9.jpg', 99, 79.2, 7581, 2245, NULL);
INSERT INTO `product` VALUES (527, '寿全斋 红糖姜茶3盒+黑糖姜茶1盒 姜枣茶姜糖茶大姨妈月经 圣诞节礼物送女生 礼盒装480g', 150, 125, 1, '2021-12-28 21:10:23', 'bingan10.jpg', 79, 63.2, 2705, 1389, NULL);
INSERT INTO `product` VALUES (528, '汇仁 肾宝片 126片 调和阴阳温阳补肾扶正固本用于腰腿酸痛精神不振夜尿频多畏寒怕冷妇女白带清稀', 158, 197, 1, '2021-12-28 21:18:07', 'yiyao1.jpg', 322, 257.6, 8152, 6398, NULL);
INSERT INTO `product` VALUES (529, '必利劲 盐酸达泊西汀片 30mg*3片 治疗早泄 男用口服早泄药', 158, 74, 1, '2021-12-28 21:18:08', 'yiyao2.jpg', 149, 119.2, 3265, 7966, NULL);
INSERT INTO `product` VALUES (530, '森福罗 盐酸普拉克索片0.25mg*30片 本品用于治疗成人特发性帕金森病的体征和症状', 158, 108, 1, '2021-12-28 21:18:08', 'yiyao3.jpg', 168.9, 135.12, 6325, 8276, NULL);
INSERT INTO `product` VALUES (531, '内舒拿 糠酸莫米松鼻喷雾剂 0.05%*50ug*60揿/盒 进口药品 治疗过敏性鼻炎 成人青少年和3至11 岁儿童鼻炎', 158, 180, 1, '2021-12-28 21:18:09', 'yiyao4.jpg', 59, 47.2, 5080, 1521, NULL);
INSERT INTO `product` VALUES (532, '普米克令舒 吸入用布地奈德混悬液 （2ml:1mg)*2ml*5支/袋', 158, 68, 1, '2021-12-28 21:18:09', 'yiyao5.jpg', 72, 57.6, 4142, 9727, NULL);
INSERT INTO `product` VALUES (533, '千白 氢醌乳膏 20g 氢醌霜 黄褐斑 雀斑 色素沉着斑治疗', 158, 76, 1, '2021-12-28 21:18:09', 'yiyao6.jpg', 508, 406.4, 4533, 6853, NULL);
INSERT INTO `product` VALUES (534, '启悦 非那雄胺片 1mg*7片*4板 适用于治疗男性秃发 能促进头发生长并防止继续脱发', 158, 170, 1, '2021-12-28 21:18:11', 'yiyao7.jpg', 68, 54.4, 1276, 2877, NULL);
INSERT INTO `product` VALUES (535, '雅培Abbott 安素 全营养原装进口肠内营养粉剂（TP）400g 香草味 安素肠内营养含蛋白质维生素', 158, 152, 1, '2021-12-28 21:18:11', 'yiyao8.jpg', 68, 54.4, 1148, 8943, NULL);
INSERT INTO `product` VALUES (536, '达芙通 地屈孕酮片 10mg*20片 雅培Abbott 荷兰进口', 158, 99, 1, '2021-12-28 21:18:11', 'yiyao9.jpg', 160, 128, 6527, 9985, NULL);
INSERT INTO `product` VALUES (537, '日本皇汉 堂小粉丸粒便秘丸便秘药排油丸减肥药原装进口正品官方旗舰排宿便丸清肠丸药排毒代购400粒', 158, 92, 1, '2021-12-28 21:18:12', 'yiyao10.jpg', 65, 52, 4226, 5825, NULL);
INSERT INTO `product` VALUES (538, '达力士 卡泊三醇软膏 15g：0.75mg 用于寻常性银屑病 牛皮癣 进口不含激素 【 LEO 利奥制药】', 158, 104, 1, '2021-12-28 21:18:12', 'yiyao11.jpg', 62, 49.6, 5819, 7759, NULL);
INSERT INTO `product` VALUES (539, '港版龙江牌复方片仔癀肝宝急慢性肝炎肝硬变养肝护肝60片/盒', 158, 127, 1, '2021-12-28 21:18:12', 'yiyao12.jpg', 604, 483.2, 6983, 5496, NULL);
INSERT INTO `product` VALUES (540, '中国大历史：两晋南北朝+明史+秦汉史+清史+宋辽金夏元+隋唐五代+先秦史+中国近代史（套装共10册 第2版）', 183, 139, 1, '2021-12-28 21:22:51', 'ershoutushu1.jpg', 240, 192, 5032, 8982, NULL);
INSERT INTO `product` VALUES (541, '王阳明领导力心法（学会这些心法，你就能成为像王阳明一样一呼百应的领导者！）', 183, 166, 1, '2021-12-28 21:22:51', 'ershoutushu2.jpg', 26, 20.8, 2590, 6724, NULL);
INSERT INTO `product` VALUES (542, '（全8册）控笔训练字帖基础提升点阵数字拼音偏旁笔画强化幼儿园小学生幼小衔接强化控笔训练套装', 183, 161, 1, '2021-12-28 21:22:52', 'ershoutushu3.jpg', 38.7, 30.96, 1389, 8096, NULL);
INSERT INTO `product` VALUES (543, '底层逻辑（半秒钟看透问题本质）', 183, 13, 1, '2021-12-28 21:22:52', 'ershoutushu4.jpg', 28, 22.4, 2891, 2862, NULL);
INSERT INTO `product` VALUES (544, '2016年熊猫银币 足银999', 183, 123, 1, '2021-12-28 21:22:52', 'ershoutushu5.jpg', 200, 160, 6024, 6151, NULL);
INSERT INTO `product` VALUES (545, '【包邮】价值：我对投资的思考 高瓴创始人张磊首部力作 京东金榜年度好书 价值投资 创造价值（赠投资寄语本）京东自营', 183, 86, 1, '2021-12-28 21:22:53', 'ershoutushu6.jpg', 71, 56.8, 7533, 2777, NULL);
INSERT INTO `product` VALUES (546, '谈美', 183, 167, 1, '2021-12-28 21:22:53', 'ershoutushu7.jpg', 13.5, 10.8, 7207, 2992, NULL);
INSERT INTO `product` VALUES (547, '三十六计（彩图注音版）儿童文学注音版 一二三年级小学生课外阅读经典丛书 注音版少儿读物 小书虫阅读系列', 183, 62, 1, '2021-12-28 21:22:54', 'ershoutushu8.jpg', 10.4, 8.32, 7564, 4548, NULL);
INSERT INTO `product` VALUES (548, 'PLC编程从入门到精通（套装3册）：PLC编程从入门到精通+电气控制线路+图解PLC变频器与触摸屏技术完全自学手册', 183, 132, 1, '2021-12-28 21:22:54', 'ershoutushu9.jpg', 304, 243.2, 7181, 3909, NULL);
INSERT INTO `product` VALUES (549, '协和怀孕大百科', 183, 101, 1, '2021-12-28 21:22:54', 'ershoutushu10.jpg', 44, 35.2, 2331, 3078, NULL);
INSERT INTO `product` VALUES (550, '【包邮】备考2021.12月星火英语四级真题包含21年6月试卷全套资料4级全真试题+标准模拟历年真题词汇听力阅读专项训练大学cet4包邮', 183, 158, 1, '2021-12-28 21:22:55', 'ershoutushu11.jpg', 41.8, 33.44, 9943, 5921, NULL);
INSERT INTO `product` VALUES (551, '金刚经·心经(佛教十三经)', 183, 193, 1, '2021-12-28 21:22:55', 'ershoutushu12.jpg', 10.3, 8.24, 3375, 7341, NULL);
INSERT INTO `product` VALUES (552, '蒙台梭利万用亲子游戏（全5册）', 183, 127, 1, '2021-12-28 21:22:55', 'ershoutushu13.jpg', 149, 119.2, 2703, 6594, NULL);
INSERT INTO `product` VALUES (553, '2021-2022年度中考满分作文/中考作文辅导书七八九年级作文技巧与提升', 183, 195, 1, '2021-12-28 21:22:56', 'ershoutushu14.jpg', 20.9, 16.72, 7324, 5380, NULL);
INSERT INTO `product` VALUES (554, '猫头鹰喔喔呼！/聪明豆绘本系列', 183, 91, 1, '2021-12-28 21:22:56', 'ershoutushu15.jpg', 12.9, 10.32, 4544, 2919, NULL);
INSERT INTO `product` VALUES (555, '半小时漫画中国史1-5（从春秋战国，笑到大清灭亡！看半小时漫画，通五千年历史！）', 183, 185, 1, '2021-12-28 21:22:57', 'ershoutushu16.jpg', 219.5, 175.6, 3407, 9554, NULL);
INSERT INTO `product` VALUES (556, '【包邮】 备考2021.12月星火英语六级词汇星火式巧记速记21年大学乱序版单词书词根联想记忆法英语6级cet6高频词汇手册赠新大纲词汇表便捷版口袋书(含六级真题例句)', 183, 70, 1, '2021-12-28 21:22:57', 'ershoutushu17.jpg', 34.8, 27.84, 6272, 6865, NULL);
INSERT INTO `product` VALUES (557, '小学生必背文言文彩图注音版 1-6年级语文教材同步RJ人教统编版 小学生一二三四五六年级必背古诗文', 183, 129, 1, '2021-12-28 21:22:57', 'ershoutushu18.jpg', 17.8, 14.24, 2198, 5601, NULL);
INSERT INTO `product` VALUES (558, '【限时包邮】肖秀荣2022考研政治肖四肖八之终极预测4套卷可搭徐涛核心考案腿姐陆寓丰考研政治', 183, 71, 1, '2021-12-28 21:22:58', 'ershoutushu19.jpg', 22.8, 18.24, 7447, 5753, NULL);
INSERT INTO `product` VALUES (559, '华尔街经典译丛:道氏理论（珍藏版中文版）', 183, 198, 1, '2021-12-28 21:22:58', 'ershoutushu20.jpg', 21.2, 16.96, 5168, 4281, NULL);
INSERT INTO `product` VALUES (560, '如果历史是一群喵1-9（套装共9册）（京东专享限量2022年日历卡）', 183, 79, 1, '2021-12-28 21:22:59', 'ershoutushu21.jpg', 335, 268, 6449, 5417, NULL);
INSERT INTO `product` VALUES (561, '【包邮】新东方 (2023)恋练有词：考研英语真题词汇6500分层串记恋恋有词念念有词考研英语词汇真题考研大纲词汇', 183, 30, 1, '2021-12-28 21:22:59', 'ershoutushu22.jpg', 29.8, 23.84, 1690, 2032, NULL);
INSERT INTO `product` VALUES (562, '果麦经典：自卑与超越（白岩松推荐版，个体心理学之父阿德勒代表作，新译本；直面自我，超越自卑） [What life could mean to you]', 183, 129, 1, '2021-12-28 21:23:00', 'ershoutushu23.jpg', 15.8, 12.64, 7772, 6031, NULL);
INSERT INTO `product` VALUES (563, '新概念英语青少版入门级 学生用书＋练习册（点读版 套装共4册 附MP3光盘2张、DVD光盘2张）', 183, 116, 1, '2021-12-28 21:23:00', 'ershoutushu24.jpg', 72, 57.6, 7216, 1915, NULL);
INSERT INTO `product` VALUES (564, '图说天下·国家地理系列：地球100神秘地带', 183, 158, 1, '2021-12-28 21:23:01', 'ershoutushu25.jpg', 14, 11.2, 5629, 4405, NULL);
INSERT INTO `product` VALUES (565, '浮生物语外传：七夜', 183, 42, 1, '2021-12-28 21:23:01', 'ershoutushu26.jpg', 16, 12.8, 7181, 3102, NULL);
INSERT INTO `product` VALUES (566, '海蒂怀孕大百科（全新第5版）', 183, 122, 1, '2021-12-28 21:23:02', 'ershoutushu27.jpg', 68, 54.4, 9124, 3964, NULL);
INSERT INTO `product` VALUES (567, '儿童财商启蒙绘本（套装8册）引导孩子正确的消费理念 培养孩子的财富价值观', 183, 174, 1, '2021-12-28 21:23:02', 'ershoutushu28.jpg', 75, 60, 3136, 2550, NULL);
INSERT INTO `product` VALUES (568, '霍金三部曲经典著作套装 时间简史 果壳中的宇宙 大设计 套装共3册 A BRIEF HISTORY OF TIME STEPHEN HAWKING\'s', 183, 175, 1, '2021-12-28 21:23:03', 'ershoutushu29.jpg', 124.3, 99.44, 9519, 8486, NULL);
INSERT INTO `product` VALUES (569, '大数据时代（大数据系统研究的先河之作）', 183, 101, 1, '2021-12-28 21:23:03', 'ershoutushu30.jpg', 31.5, 25.2, 6706, 1601, NULL);
INSERT INTO `product` VALUES (570, '华夏万卷硬笔书法练习字帖 《道德经》硬笔楷书字帖田英章书 学生成人钢笔字帖 学生男女生临摹描红手写体字帖', 183, 169, 1, '2021-12-28 21:23:03', 'ershoutushu31.jpg', 15, 12, 5060, 8422, NULL);
INSERT INTO `product` VALUES (571, '人间值得 90岁心理医生恒子奶奶写给生活的哲思小书（人民日报·樊登读书年度书单推荐）', 183, 108, 1, '2021-12-28 21:23:04', 'ershoutushu32.jpg', 49.9, 39.92, 6867, 3613, NULL);
INSERT INTO `product` VALUES (572, '狮子王/拼读故事书', 183, 80, 1, '2021-12-28 21:23:04', 'ershoutushu33.jpg', 11, 8.8, 6846, 8737, NULL);
INSERT INTO `product` VALUES (573, '最新5年中考满分作文精品 备考2022年中考 初中作文书 智慧熊图书', 183, 37, 1, '2021-12-28 21:23:04', 'ershoutushu34.jpg', 24.6, 19.68, 2680, 5929, NULL);
INSERT INTO `product` VALUES (574, '《老照片》第一三三辑', 183, 165, 1, '2021-12-28 21:23:05', 'ershoutushu35.jpg', 15, 12, 3715, 8802, NULL);
INSERT INTO `product` VALUES (575, '左脑开发右脑开发2-3岁(共2册）（邦臣小红花出品）', 183, 196, 1, '2021-12-28 21:23:05', 'ershoutushu36.jpg', 18.67, 14.94, 1373, 6018, NULL);
INSERT INTO `product` VALUES (576, '六年级数学试卷上册 部编人教版 小学生6年级练习册专项同步训练（单元月考卷 专项卷 期中期末试卷）', 183, 158, 1, '2021-12-28 21:23:06', 'ershoutushu37.jpg', 16, 12.8, 6150, 1345, NULL);
INSERT INTO `product` VALUES (577, '小学生三年级上册阅读理解强化训练课文内容课外阅读专项训练人教部编版语文教材同步练习册短文填空', 183, 20, 1, '2021-12-28 21:23:06', 'ershoutushu38.jpg', 19.8, 15.84, 4793, 5533, NULL);
INSERT INTO `product` VALUES (578, '大向：尤克里里7天会', 183, 67, 1, '2021-12-28 21:23:06', 'ershoutushu39.jpg', 49.6, 39.68, 9720, 9019, NULL);
INSERT INTO `product` VALUES (579, '猎魔人(修订本)套装七册', 183, 160, 1, '2021-12-28 21:23:07', 'ershoutushu40.jpg', 647.6, 518.08, 1456, 5011, NULL);
INSERT INTO `product` VALUES (580, '无穷小亮套装（海错图笔记1/2/3+掌中花园）', 183, 86, 1, '2021-12-28 21:23:08', 'ershoutushu41.jpg', 285.3, 228.24, 8479, 5254, NULL);
INSERT INTO `product` VALUES (581, '【樊登推荐】有趣的鲸豚：图解神秘的鲸豚世界（第2版）（全彩）', 183, 10, 1, '2021-12-28 21:23:08', 'ershoutushu42.jpg', 74.9, 59.92, 7223, 6424, NULL);
INSERT INTO `product` VALUES (582, 'BBC科普三部曲：地球+海洋+生命 【中科院专家全新修订版有声朗读】（套装共3册）樊登推荐 科技部全国优秀科普作品', 183, 140, 1, '2021-12-28 21:23:09', 'ershoutushu43.jpg', 283.5, 226.8, 1206, 3119, NULL);
INSERT INTO `product` VALUES (583, '新东方 考博英语词汇 词根联想记忆法：乱序版 俞敏洪考博英语单词真题核心词汇 2022考博英语', 183, 164, 1, '2021-12-28 21:23:09', 'ershoutushu44.jpg', 54.1, 43.28, 5749, 3161, NULL);
INSERT INTO `product` VALUES (584, '新版地理启蒙地球仪 360度旋转 教材同步 便携高清版 直径10.6cm 请注意尺寸大小', 183, 90, 1, '2021-12-28 21:23:09', 'ershoutushu45.jpg', 38.4, 30.72, 5209, 8448, NULL);
INSERT INTO `product` VALUES (585, '万物由来科学绘本', 183, 161, 1, '2021-12-28 21:23:10', 'ershoutushu46.jpg', 33.5, 26.8, 5378, 8899, NULL);
INSERT INTO `product` VALUES (586, '学而思 摩比爱数学 萌芽篇（套装共6册）幼儿园小班适用 幼小衔接指定教材 数学启蒙必备 好未来旗下摩比思维馆原版讲义', 183, 148, 1, '2021-12-28 21:23:10', 'ershoutushu47.jpg', 227.7, 182.16, 4250, 6965, NULL);
INSERT INTO `product` VALUES (587, '婴幼儿心理学', 183, 53, 1, '2021-12-28 21:23:11', 'ershoutushu48.jpg', 89, 71.2, 1964, 7153, NULL);
INSERT INTO `product` VALUES (588, '2022国家地理中文日历', 183, 164, 1, '2021-12-28 21:23:11', 'ershoutushu49.jpg', 98, 78.4, 6326, 2167, NULL);
INSERT INTO `product` VALUES (589, '精选家常菜全集（家常菜一本全）', 183, 111, 1, '2021-12-28 21:23:12', 'ershoutushu50.jpg', 39.8, 31.84, 7628, 7583, NULL);
INSERT INTO `product` VALUES (590, '樊登推荐 尼尔斯骑鹅旅行记（诺贝尔文学奖作品，中小学书目）', 183, 91, 1, '2021-12-28 21:23:12', 'ershoutushu51.jpg', 22.4, 17.92, 6832, 6372, NULL);
INSERT INTO `product` VALUES (591, '法布尔昆虫记（儿童注音美绘本）', 183, 32, 1, '2021-12-28 21:23:13', 'ershoutushu52.jpg', 32, 25.6, 8111, 2921, NULL);
INSERT INTO `product` VALUES (592, '美国儿科学会育儿百科（第7版）', 183, 167, 1, '2021-12-28 21:23:13', 'ershoutushu53.jpg', 64.8, 51.84, 9070, 6782, NULL);
INSERT INTO `product` VALUES (593, '灵魂的目标：从南北交看你的生命道路', 183, 145, 1, '2021-12-28 21:23:14', 'ershoutushu54.jpg', 19, 15.2, 5251, 9958, NULL);
INSERT INTO `product` VALUES (594, '三年级数学试卷上册 部编人教版 小学生3年级练习册专项同步训练（单元月考卷 专项卷 期中期末试卷）', 183, 58, 1, '2021-12-28 21:23:14', 'ershoutushu55.jpg', 16, 12.8, 9087, 6873, NULL);
INSERT INTO `product` VALUES (595, '苦才是人生系列（认识《苦才是人生》+懂得《做才是得到》+难忘《残酷才是青春》）（套装共3册）', 183, 176, 1, '2021-12-28 21:23:15', 'ershoutushu56.jpg', 81.4, 65.12, 4395, 6207, NULL);
INSERT INTO `product` VALUES (596, '夜航船 全本全译：张岱挚友陈洪绶经典插画本（套装3册）', 183, 12, 1, '2021-12-28 21:23:15', 'ershoutushu57.jpg', 112, 89.6, 2571, 1086, NULL);
INSERT INTO `product` VALUES (597, '2022 知乎日历·全新升级《知乎好问》', 183, 196, 1, '2021-12-28 21:23:16', 'ershoutushu58.jpg', 88, 70.4, 9932, 1219, NULL);
INSERT INTO `product` VALUES (598, '爸爸的声音：完美胎教故事朗读版（套装共3册）', 183, 185, 1, '2021-12-28 21:23:16', 'ershoutushu59.jpg', 108.7, 86.96, 9969, 1591, NULL);
INSERT INTO `product` VALUES (599, '小学生多功能成语词典 彩图大字版（畅销200万册）成语故事接龙字典近义反义词组词造句1-6年级工具书', 183, 35, 1, '2021-12-28 21:23:16', 'ershoutushu60.jpg', 48, 38.4, 4757, 1835, NULL);
INSERT INTO `product` VALUES (600, '自卑与超越 销量破百万！！！（完整全译本 心理启蒙书）', 183, 150, 1, '2021-12-28 21:23:17', 'ershoutushu61.jpg', 27.2, 21.76, 9294, 8605, NULL);
INSERT INTO `product` VALUES (601, '小鸡球球成长绘本系列 套装全6册(幼儿启蒙书早教宝宝故事书图书儿童绘本0-3岁认知书籍语言表达启蒙课睡前故事)', 183, 163, 1, '2021-12-28 21:23:17', 'ershoutushu62.jpg', 135.7, 108.56, 5884, 6002, NULL);
INSERT INTO `product` VALUES (602, '父与子全集·彩色注音版（讲述一对善良、正直、宽容的父子之间的故事，带孩子感受父爱）', 183, 12, 1, '2021-12-28 21:23:17', 'ershoutushu63.jpg', 18.8, 15.04, 7973, 7328, NULL);
INSERT INTO `product` VALUES (603, '高中数学解题方法导引', 183, 185, 1, '2021-12-28 21:23:18', 'ershoutushu64.jpg', 28.8, 23.04, 2917, 4837, NULL);
INSERT INTO `product` VALUES (604, '初中数学物理化学生物公式定理及必考知识全解 初中高考知识要点总复习', 183, 28, 1, '2021-12-28 21:23:18', 'ershoutushu65.jpg', 37.4, 29.92, 5430, 4178, NULL);
INSERT INTO `product` VALUES (605, '你就是孩子最好的玩具樊登推荐版（套装全2册）', 183, 87, 1, '2021-12-28 21:23:19', 'ershoutushu66.jpg', 74, 59.2, 8871, 4608, NULL);
INSERT INTO `product` VALUES (606, '腿姐2022考研政治陆寓丰冲刺背诵手册可搭肖秀荣徐涛李永乐张宇', 183, 31, 1, '2021-12-28 21:23:19', 'ershoutushu67.jpg', 31.1, 24.88, 7772, 8077, NULL);
INSERT INTO `product` VALUES (607, 'Word+Excel+PPT+PS+移动办公office 5合1完全自学视频教程 （全彩版）', 183, 123, 1, '2021-12-28 21:23:19', 'ershoutushu68.jpg', 89.8, 71.84, 9203, 3400, NULL);
INSERT INTO `product` VALUES (608, '华夏万卷楷书字帖8本套 正楷一本通初学者控笔训练字帖学生成人楷书钢笔字帖硬笔书法临摹描红练字帖赠练字', 183, 170, 1, '2021-12-28 21:23:20', 'ershoutushu69.jpg', 56.5, 45.2, 7646, 3012, NULL);
INSERT INTO `product` VALUES (609, '乡土中国 费孝通 入选全国中小学生阅读指导书目 未名社科大学经典 软精装 插图版', 183, 176, 1, '2021-12-28 21:23:21', 'ershoutushu70.jpg', 20.2, 16.16, 1197, 1914, NULL);
INSERT INTO `product` VALUES (610, '学而思 新版学而思秘籍：初中数学几何辅助线专项突破（中学教辅 初一 初二 初三 中考数学复习资料）', 183, 122, 1, '2021-12-28 21:23:21', 'ershoutushu71.jpg', 29.5, 23.6, 5679, 1462, NULL);
INSERT INTO `product` VALUES (611, '知行合一王阳明大全集（全5册）（樊登推荐！百万读者了解王阳明心学的书，度阴山经典力作！）', 183, 173, 1, '2021-12-28 21:23:21', 'ershoutushu72.jpg', 216, 172.8, 6876, 3865, NULL);
INSERT INTO `product` VALUES (612, '中华人民共和国国家标准（GB 50169-2016）：电气装置安装工程接地装置施工及验收规范', 183, 21, 1, '2021-12-28 21:23:21', 'ershoutushu73.jpg', 12, 9.6, 7641, 8626, NULL);
INSERT INTO `product` VALUES (613, '人类简史（精装版 附赠书签）', 183, 71, 1, '2021-12-28 21:23:22', 'ershoutushu74.jpg', 25, 20, 9436, 7652, NULL);
INSERT INTO `product` VALUES (614, '益智启蒙游戏贴纸（套装共4册)缤纷颜色+数学启蒙+图形认知+逻辑规律 专注力训练撕贴游戏有声阅读（小笨熊让孩子爱上阅读）', 183, 14, 1, '2021-12-28 21:23:22', 'ershoutushu75.jpg', 55.4, 44.32, 2439, 7763, NULL);
INSERT INTO `product` VALUES (615, '好关系是麻烦出来的', 183, 12, 1, '2021-12-28 21:23:23', 'ershoutushu76.jpg', 35.1, 28.08, 3809, 7173, NULL);
INSERT INTO `product` VALUES (616, '全套4本小学一年级上册同步描红练字帖拼音笔画生字写字课课练习册人教部编统编版', 183, 72, 1, '2021-12-28 21:23:23', 'ershoutushu77.jpg', 37.6, 30.08, 6460, 3957, NULL);
INSERT INTO `product` VALUES (617, '父与子全集 拼音版彩图绘本 扫码看动漫听故事（套装共6册）', 183, 48, 1, '2021-12-28 21:23:24', 'ershoutushu78.jpg', 34.9, 27.92, 5692, 9573, NULL);
INSERT INTO `product` VALUES (618, '华为数据之道 华为官方出品', 183, 44, 1, '2021-12-28 21:23:24', 'ershoutushu79.jpg', 89, 71.2, 1132, 4886, NULL);
INSERT INTO `product` VALUES (619, '解读名著系列：黑水浒', 183, 76, 1, '2021-12-28 21:23:24', 'ershoutushu80.jpg', 24.7, 19.76, 2661, 8280, NULL);
INSERT INTO `product` VALUES (620, '哲学家们都干了些什么（一部既严谨又不严肃的哲学史）', 183, 107, 1, '2021-12-28 21:23:25', 'ershoutushu81.jpg', 52, 41.6, 4299, 2700, NULL);
INSERT INTO `product` VALUES (621, '愿你历尽千帆，归来仍是少年', 183, 179, 1, '2021-12-28 21:23:25', 'ershoutushu82.jpg', 23, 18.4, 5767, 1731, NULL);
INSERT INTO `product` VALUES (622, '细菌世界历险记 国际大奖儿童文学读物快乐读书吧四年级下册阅读小学生三四五六年级课外阅读书籍青少年儿童必读名著故事书', 183, 44, 1, '2021-12-28 21:23:25', 'ershoutushu83.jpg', 16.8, 13.44, 9168, 3455, NULL);
INSERT INTO `product` VALUES (623, '【给少年的科幻经典】与火星人同行', 183, 10, 1, '2021-12-28 21:23:26', 'ershoutushu84.jpg', 15.6, 12.48, 5063, 2127, NULL);
INSERT INTO `product` VALUES (624, '中国哲学史（精装）京东专享附赠哲思周历', 183, 109, 1, '2021-12-28 21:23:26', 'ershoutushu85.jpg', 126, 100.8, 9762, 6738, NULL);
INSERT INTO `product` VALUES (625, '男人来自火星，女人来自金星：修炼亲密关系的方法', 183, 25, 1, '2021-12-28 21:23:27', 'ershoutushu86.jpg', 45, 36, 8415, 4277, NULL);
INSERT INTO `product` VALUES (626, '学前拼音800题 超厚本大开本 彩图注音 快乐读书娃 幼儿园适用 幼小衔接教材 识字启蒙 智力开发', 183, 19, 1, '2021-12-28 21:23:27', 'ershoutushu87.jpg', 27.9, 22.32, 8253, 5012, NULL);
INSERT INTO `product` VALUES (627, '人性的弱点全集（完整全译本，附赠定制版《卡耐基52周人生经营课》）', 183, 58, 1, '2021-12-28 21:23:28', 'ershoutushu88.jpg', 49.8, 39.84, 7559, 3327, NULL);
INSERT INTO `product` VALUES (628, '【2019中国好书】这里是中国 让我们重新发现中国之美 中信出版社', 183, 184, 1, '2021-12-28 21:23:28', 'ershoutushu89.jpg', 109, 87.2, 3495, 2216, NULL);
INSERT INTO `product` VALUES (629, '曲一线 53初中同步试卷 历史 七年级上册 人教版 5年中考3年模拟2022版五三', 183, 10, 1, '2021-12-28 21:23:29', 'ershoutushu90.jpg', 32.8, 26.24, 6529, 4984, NULL);
INSERT INTO `product` VALUES (630, '龙猫（宫崎骏代表作首次授权！吉卜力官方授权唯一简体中文版绘本全球首发）', 183, 162, 1, '2021-12-28 21:23:29', 'ershoutushu91.jpg', 68, 54.4, 5392, 3586, NULL);
INSERT INTO `product` VALUES (631, '重走：在公路、河流和驿道上寻找西南联大（单读书系）', 183, 40, 1, '2021-12-28 21:23:29', 'ershoutushu92.jpg', 98, 78.4, 6512, 2907, NULL);
INSERT INTO `product` VALUES (632, '曼巴精神：科比自传（精装）', 183, 29, 1, '2021-12-28 21:23:30', 'ershoutushu93.jpg', 71, 56.8, 8167, 2064, NULL);
INSERT INTO `product` VALUES (633, '养育男孩（典藏版）樊登官方推荐，给男孩父母的养育指南，蝉联亲子畅销榜20年全球畅销400万册', 183, 123, 1, '2021-12-28 21:23:30', 'ershoutushu94.jpg', 26.5, 21.2, 7988, 4509, NULL);
INSERT INTO `product` VALUES (634, '中华经典藏书：楚辞', 183, 32, 1, '2021-12-28 21:23:30', 'ershoutushu95.jpg', 13.4, 10.72, 3110, 4776, NULL);
INSERT INTO `product` VALUES (635, '森田疗法指导：神经症克服法', 183, 40, 1, '2021-12-28 21:23:31', 'ershoutushu96.jpg', 52, 41.6, 6830, 1397, NULL);
INSERT INTO `product` VALUES (636, '梅奥备孕全书', 183, 80, 1, '2021-12-28 21:23:31', 'ershoutushu97.jpg', 79, 63.2, 6331, 6376, NULL);
INSERT INTO `product` VALUES (637, '老子庄子选 儿童中国文化导读 绍南文化 王财贵主编 简体大字注音版', 183, 52, 1, '2021-12-28 21:23:32', 'ershoutushu98.jpg', 16, 12.8, 4819, 2723, NULL);
INSERT INTO `product` VALUES (638, '墨点字帖 王羲之兰亭序行书字帖毛笔书法临摹本历代经典碑帖高清放大简体旁注墨点行书毛笔字帖王羲之行书字帖', 183, 10, 1, '2021-12-28 21:23:32', 'ershoutushu99.jpg', 26, 20.8, 8536, 2176, NULL);
INSERT INTO `product` VALUES (639, '阅读无障碍本：金刚经·心经', 183, 33, 1, '2021-12-28 21:23:33', 'ershoutushu100.jpg', 10, 8, 6562, 6189, NULL);
INSERT INTO `product` VALUES (640, '解读名著系列：窥破金瓶', 183, 60, 1, '2021-12-28 21:23:33', 'ershoutushu101.jpg', 24.7, 19.76, 7912, 9814, NULL);
INSERT INTO `product` VALUES (641, '共情力：你压力大是因为没有共情能力 （哈佛大学前讲师首创共情认知行为疗法）', 183, 37, 1, '2021-12-28 21:23:34', 'ershoutushu102.jpg', 34.3, 27.44, 1225, 7253, NULL);
INSERT INTO `product` VALUES (642, '【包邮】敦煌日历2022', 183, 196, 1, '2021-12-28 21:23:34', 'ershoutushu103.jpg', 88, 70.4, 7994, 2829, NULL);
INSERT INTO `product` VALUES (643, '数据中台：让数据用起来', 183, 18, 1, '2021-12-28 21:23:34', 'ershoutushu104.jpg', 89, 71.2, 2973, 7925, NULL);
INSERT INTO `product` VALUES (644, '婴儿宝宝洞洞书（共4册）猜猜我是谁系列早教绘本 启蒙认知儿童益智书撕不烂 生活 猜猜这是什么车+物品+蔬菜+食物 奇妙洞洞书（小笨熊让孩子爱上阅读）', 183, 91, 1, '2021-12-28 21:23:35', 'ershoutushu105.jpg', 72.2, 57.76, 2860, 1853, NULL);
INSERT INTO `product` VALUES (645, '不见不散H1+多功能收音机老人调频广播充电半导体便携式迷你插卡音箱老年人播放器四六级考试随身听小音响 蓝', 182, 163, 1, '2021-12-28 21:27:24', 'shuma1.jpg', 99, 79.2, 3533, 5974, NULL);
INSERT INTO `product` VALUES (646, '捷旺电子（W JIEWANG DIANZI）摩托车摩托赛车游戏机', 182, 103, 1, '2021-12-28 21:27:24', 'shuma2.jpg', 26000, 20800, 3895, 3237, NULL);
INSERT INTO `product` VALUES (647, '八位堂 8BitDo 星系摇杆帽 Pro 2/SN30 Pro+/Xbox/PS4/PS5/Switch/NS/Pro 微软索尼任天堂手柄通用 四个精装', 182, 131, 1, '2021-12-28 21:27:24', 'shuma3.jpg', 29, 23.2, 9483, 1535, NULL);
INSERT INTO `product` VALUES (648, '斯泰克 一拖二有线游戏手柄电视游戏家用双人经典电脑PC怀旧款老式适用月光宝盒', 182, 164, 1, '2021-12-28 21:27:24', 'shuma4.jpg', 39, 31.2, 1077, 1311, NULL);
INSERT INTO `product` VALUES (649, '小米（MI）蓝牙项圈耳机青春版 无线颈挂挂脖式运动耳机 青春版 黑色', 182, 174, 1, '2021-12-28 21:27:24', 'shuma5.jpg', 159, 127.2, 5385, 6565, NULL);
INSERT INTO `product` VALUES (650, '八位堂 8BitDo SN30 Pro 手柄支架 淡紫灰', 182, 99, 1, '2021-12-28 21:27:25', 'shuma6.jpg', 19, 15.2, 5218, 9287, NULL);
INSERT INTO `product` VALUES (651, 'KEF LSX 电脑音箱无线蓝牙hifi2.0桌面有源台式电视音响家用扬声器 低音炮 神秘黑', 182, 199, 1, '2021-12-28 21:27:25', 'shuma7.jpg', 8688, 6950.4, 2676, 9970, NULL);
INSERT INTO `product` VALUES (652, '任天堂 Nintendo Switch 国行续航增强版红蓝主机 & 马力欧卡丁车8 【限量套装】', 182, 50, 1, '2021-12-28 21:27:25', 'shuma8.jpg', 2398, 1918.4, 5745, 9863, NULL);
INSERT INTO `product` VALUES (653, '飞智Q1手游转换器 DNF手游和平精英绝地求生战士枪神王座手机平板游戏吃鸡神器辅助手柄苹果安卓通用', 182, 58, 1, '2021-12-28 21:27:25', 'shuma9.jpg', 129, 103.2, 4666, 1018, NULL);
INSERT INTO `product` VALUES (654, '任天堂 Nintendo Switch 国行续航版增强版红蓝主机 & 《马力欧网球 ACE》游戏兑换卡', 182, 134, 1, '2021-12-28 21:27:25', 'shuma10.jpg', 2398, 1918.4, 8629, 4892, NULL);
INSERT INTO `product` VALUES (655, '微星（MSI）DH40 RGB 电竞耳机 头戴式游戏耳机 电竞耳麦 虚拟7.1 可拆麦克风 人体工学 带线控 黑色', 182, 43, 1, '2021-12-28 21:27:25', 'shuma11.jpg', 159, 127.2, 8062, 9517, NULL);
INSERT INTO `product` VALUES (656, '漫步者（EDIFIER）FunBuds 真无线耳机 蓝牙耳机 通用苹果安卓手机 雾霾蓝', 182, 121, 1, '2021-12-28 21:27:25', 'shuma12.jpg', 334, 267.2, 8020, 1295, NULL);
INSERT INTO `product` VALUES (657, '机械师(MACHENIKE) HG300W体感蓝牙有线无线双模游戏手柄 电脑PC手柄 Switch手柄', 182, 182, 1, '2021-12-28 21:27:26', 'shuma13.jpg', 199, 159.2, 4040, 7749, NULL);
INSERT INTO `product` VALUES (658, '赛德斯（Sades）SA723 3.5mm耳机头戴式 游戏耳机耳麦 电脑手机耳机 吃鸡耳机带麦 电竞耳机 收缩麦克风 白粉', 182, 115, 1, '2021-12-28 21:27:26', 'shuma14.jpg', 259, 207.2, 2544, 6745, NULL);
INSERT INTO `product` VALUES (659, '天龙（DENON） AH-GC30BK 头戴式耳机主动降噪蓝牙无线发烧音乐HiFi直推 高清通话', 182, 84, 1, '2021-12-28 21:27:26', 'shuma15.jpg', 2980, 2384, 5919, 7212, NULL);
INSERT INTO `product` VALUES (660, '小米手环6 NFC版 全面彩屏 30种运动模式 24h心率检测 50米防水 智能手环', 182, 79, 1, '2021-12-28 21:27:26', 'shuma16.jpg', 318, 254.4, 7363, 6995, NULL);
INSERT INTO `product` VALUES (661, 'JDRead B1 Bigme智能办公本10.3英寸电子墨水屏阅读器语音转写 纸感书写4G移动网络前光笔记本远程遥控笔', 182, 111, 1, '2021-12-28 21:27:26', 'shuma17.jpg', 4299, 3439.2, 2217, 4772, NULL);
INSERT INTO `product` VALUES (662, 'JJC 适用佳能镜头盖58mm 18-55 90D 200DII 200D二代 800D 700D单反 富士18-55 XS10 XT30 XT3/4微单相机配件', 182, 44, 1, '2021-12-28 21:27:26', 'shuma18.jpg', 21, 16.8, 3739, 8696, NULL);
INSERT INTO `product` VALUES (663, '华为手表智能手表 儿童电话手表4X 通话定位手表自营 高清双摄像头/4G全网通/11重定位 学生男孩女孩 樱语粉', 182, 84, 1, '2021-12-28 21:27:27', 'shuma19.jpg', 1398, 1118.4, 5880, 6548, NULL);
INSERT INTO `product` VALUES (664, 'miliboo米泊L型竖拍快装板 单反直角垂直三脚架独脚架液压云台佳能尼康索尼相机摄影摄像机通用竖拍板', 182, 110, 1, '2021-12-28 21:27:27', 'shuma20.jpg', 99, 79.2, 9998, 5171, NULL);
INSERT INTO `product` VALUES (665, '沣标（FB）CFexpress-3.1 Type-B 专业级 USB3.1高速读卡器 FB-CFeTB 金属 读卡器 黑色', 182, 89, 1, '2021-12-28 21:27:27', 'shuma21.jpg', 499, 399.2, 7252, 3846, NULL);
INSERT INTO `product` VALUES (666, '飞利浦（PHILIPS）VTR8080 录音笔 离线翻译 实时语音转文字 拍照翻译 高清降噪 灰色 16GB', 182, 147, 1, '2021-12-28 21:27:27', 'shuma22.jpg', 999, 799.2, 1960, 5655, NULL);
INSERT INTO `product` VALUES (667, '科大讯飞（IFLYTEK）讯飞翻译机3.0 lite 金色', 182, 134, 1, '2021-12-28 21:27:27', 'shuma23.jpg', 2999, 2399.2, 1476, 2997, NULL);
INSERT INTO `product` VALUES (668, '朗科（Netac）K330 银姬系列 1TB 2TB 移动硬盘 2.5英寸全金属高速USB3.0 K330 1TB', 182, 164, 1, '2021-12-28 21:27:28', 'shuma24.jpg', 440, 352, 4039, 6753, NULL);
INSERT INTO `product` VALUES (669, '360平衡车双轮智能成年儿童两轮体感车平行带扶杆P1耀岩黑', 182, 60, 1, '2021-12-28 21:27:28', 'shuma25.jpg', 1999, 1599.2, 4688, 1699, NULL);
INSERT INTO `product` VALUES (670, '富图宝（Fotopro）E-4CE+42Q 碳纤维中轴倒置五节折叠便携数码相机微单摄影三脚架', 182, 22, 1, '2021-12-28 21:27:29', 'shuma26.jpg', 588, 470.4, 9973, 1638, NULL);
INSERT INTO `product` VALUES (671, '阿尔法蛋词典笔Q3 英语点读笔翻译笔中小学生电子词典 翻译机翻译器中英字词句查询神器 尊享版', 182, 25, 1, '2021-12-28 21:27:29', 'shuma27.jpg', 599, 479.2, 1261, 8103, NULL);
INSERT INTO `product` VALUES (672, 'miliboo米泊铁塔MTT711B摄像机三脚架 碳纤维专业摄影大三角架 带液压云台', 182, 75, 1, '2021-12-28 21:27:29', 'shuma28.jpg', 1890, 1512, 1940, 4757, NULL);
INSERT INTO `product` VALUES (673, 'Ninebot九号儿童平衡车滑步车自行车护具套装护膝护肘护掌 透气不闷头 黄色', 182, 45, 1, '2021-12-28 21:27:30', 'shuma29.jpg', 89, 71.2, 7649, 6652, NULL);
INSERT INTO `product` VALUES (674, 'Apple Watch Series 6智能手表 GPS+蜂窝款 44毫米金色不锈钢表壳 深海军蓝色运动型表带MJXN3CH/A', 182, 145, 1, '2021-12-28 21:27:30', 'shuma30.jpg', 5199, 4159.2, 4720, 5963, NULL);
INSERT INTO `product` VALUES (675, '新佰（XINBAI）simple胶片相机傻瓜相机复古胶卷ins非一次性防水照相机摄影学生送礼物 宇宙飞船', 182, 107, 1, '2021-12-28 21:27:30', 'shuma31.jpg', 39.9, 31.92, 9557, 7359, NULL);
INSERT INTO `product` VALUES (676, '索尼（SONY）HXR-NX80 1.0 英寸CMOS 手持式4K摄录一体机 小巧便携 12倍光学 (含闪迪128G卡+三脚架+摄影包)', 182, 18, 1, '2021-12-28 21:27:30', 'shuma32.jpg', 14599, 11679.2, 8206, 6293, NULL);
INSERT INTO `product` VALUES (677, '松典DC101A 数码照相机4K微单卡片机入门级单反傻瓜相机小型家用翻转自拍屏 32G+广角镜 标配', 182, 39, 1, '2021-12-28 21:27:31', 'shuma33.jpg', 529, 423.2, 7314, 3614, NULL);
INSERT INTO `product` VALUES (678, '铭匠光学35mm f1.4大光圈人像定焦微单镜头适用富士X佳能小痰盂索尼E卡口松下m43尼康Z相机 黑色【标准版图案】 富士口（富士微单）', 182, 144, 1, '2021-12-28 21:27:31', 'shuma34.jpg', 365, 292, 2068, 7319, NULL);
INSERT INTO `product` VALUES (679, 'SUREWO For GoPro配件套装hero10 9 8 7 6 5胸带自拍杆支架防水壳收纳包 gopro10/9配件豪华套装', 182, 125, 1, '2021-12-28 21:27:32', 'shuma35.jpg', 399, 319.2, 5784, 2629, NULL);
INSERT INTO `product` VALUES (680, '适马（SIGMA）Art 24-70mm F2.8 DG DN 全画幅微单 人像旅游 索尼E口', 182, 29, 1, '2021-12-28 21:27:32', 'shuma36.jpg', 7399, 5919.2, 7731, 9233, NULL);
INSERT INTO `product` VALUES (681, '索尼（SONY） LMD-B240(24英寸) 高清监视器现场 节目制作监示器', 182, 67, 1, '2021-12-28 21:27:32', 'shuma37.jpg', 13999, 11199.2, 5282, 3246, NULL);
INSERT INTO `product` VALUES (682, '劲码 GoPro hero 5 6 7 Black防水壳 潜水保护壳 边框 GoPro7配件', 182, 166, 1, '2021-12-28 21:27:33', 'shuma38.jpg', 65, 52, 9004, 2397, NULL);
INSERT INTO `product` VALUES (683, '佳能（Canon）PowerShot SX740 HS 数码相机 美颜自拍 家用卡片机 40倍长焦 黑色 官方标配+64G卡+包', 182, 198, 1, '2021-12-28 21:27:33', 'shuma39.jpg', 3899, 3119.2, 1314, 5007, NULL);
INSERT INTO `product` VALUES (684, '初步254K DV摄像机手持式4K摄录一体机 高清专业直播vlog短视频便携手持录像机 官方标配 64G内存卡', 182, 192, 1, '2021-12-28 21:27:33', 'shuma40.jpg', 688, 550.4, 5276, 9527, NULL);
INSERT INTO `product` VALUES (685, '富士立拍立得彩色滤镜自拍镜mini7/mini8/mini9/mini11相机自拍镜 白色【适用mini7+】', 182, 150, 1, '2021-12-28 21:27:33', 'shuma41.jpg', 19.9, 15.92, 2717, 3659, NULL);
INSERT INTO `product` VALUES (686, '佳能（Canon）EOS 6D Mark II全画幅专业单反机身 2620万像素 全高清视频 （含国产配件128G卡+包+清洁套）', 182, 175, 1, '2021-12-28 21:27:33', 'shuma42.jpg', 11400, 9120, 5881, 9233, NULL);
INSERT INTO `product` VALUES (687, 'GoPro10\\/9\\/8\\/7配件hero6\\/5\\/4小蚁大疆灵眸头戴胸带浮漂背包夹自拍杆手带 3M弧面底座', 182, 182, 1, '2021-12-28 21:27:34', 'shuma43.jpg', 10, 8, 7374, 1386, NULL);
INSERT INTO `product` VALUES (688, '富士instax立拍立得 数模一次成像相机（具有手机照片打印功能）mini Liplay 腮红金', 182, 82, 1, '2021-12-28 21:27:34', 'shuma44.jpg', 1299, 1039.2, 2481, 1101, NULL);
INSERT INTO `product` VALUES (689, '佳能（Canon）EOS 6D Mark II 6D2 单反相机 单反机身套机 全画幅专业单反套机 佳能EF24-70mm F4 IS USM镜头 标准套餐', 182, 126, 1, '2021-12-28 21:27:34', 'shuma45.jpg', 15599, 12479.2, 7997, 1880, NULL);
INSERT INTO `product` VALUES (692, '嘻嘻', 69, 123, 0, '2022-02-15 08 : 00 : 00', 'http://localhost:8889/1644919209044-79jpg.jpg', 123, 11, 111, 222, '<p>哈哈aa</p>');

-- ----------------------------
-- Table structure for users
-- ----------------------------
DROP TABLE IF EXISTS `users`;
CREATE TABLE `users`  (
  `id` int(11) NOT NULL AUTO_INCREMENT,
  `username` varchar(255) CHARACTER SET utf8 COLLATE utf8_general_ci NOT NULL,
  `password` varchar(255) CHARACTER SET utf8 COLLATE utf8_general_ci NOT NULL,
  `nickname` varchar(255) CHARACTER SET utf8 COLLATE utf8_general_ci NULL DEFAULT NULL,
  `email` varchar(255) CHARACTER SET utf8 COLLATE utf8_general_ci NULL DEFAULT NULL,
  `user_pic` text CHARACTER SET utf8 COLLATE utf8_general_ci NULL,
  PRIMARY KEY (`id`, `username`) USING BTREE
) ENGINE = InnoDB AUTO_INCREMENT = 4 CHARACTER SET = utf8 COLLATE = utf8_general_ci ROW_FORMAT = Compact;

-- ----------------------------
-- Records of users
-- ----------------------------
INSERT INTO `users` VALUES (1, 'admin', '111111', '', NULL, NULL);
INSERT INTO `users` VALUES (2, 'admina', '$2a$10$ZqjzjVEdTnY/3n0VMqqaiuOLE82/1HxnYwrBOEGih6I6z2VybHLRS', 'aa', '777@qq.com', 'data:image/png;base64,iVBORw0KGgoAAAANSUhEUgAAAGQAAABkCAYAAABw4pVUAAAAAXNSR0IArs4c6QAAIABJREFUeF5UvQeQZed5HXjuu/m+nDp3T46YwQwGAAGCSRSzSMnyKqy9lqWyZcm0LNXaKntXskSvy2V7LUultNTK9lpaldfKEoOoRFkkRRKB4CANMIOZ6Qmdw8v5vZvv1vluA7abNTVgz+v37r3/l875zve18tyt9aTomDB0DWEYwdA0WLqBjJIBEiBGgjCOkCCCpuhQFAXrrSHub7bhuj5UXUe308JsNgNfbekqnrh2CaPxDIaeQb1WRCaTYDp1cW55AaaiQlGATCYDICPvJ19JDN8bozubYOgFMBQDxayNTneAw+4Ax1fmUcs7fCHCMISi8Gcz8KMIo+kMUBLohs63QW86w3QSIExiqIqCbM6EmlGQJDE0RYFjaDA0HTnThq7xZ2K47kSuZavdQ6JkoKkZFCwdC+UqFNVAAgVxFMprp1GI/eEY65tddHsDuJ4HxDGiOIauadB0HaPhCFEYwg89GIaJa1fO49qJGpI4kmvJ8P0SBX4cwYtjDGcBVCWG8rtffSPR1QiFnAlTU5C1TGhKgrxtg09Obhy8XwVJJpZDms4C3NzpoDvw4Ps+JpMJ4jiGYehYmpvH1B3j9IlFNDsDtPsubNvAE2cXMZ+1oai8mAygqOlB8L0RY+aN5UFGcYJyLocoCBEpOobTEeZLebnhIIzEOKaeB8dyMAsCuEGMMIzhRaHc4Hg0w2QaQEGCfN6Rmy/kHQSBj+nMhW0ZsAwFWcNAybGRs7OIFcD3PUxnE4RhgqHnYzTzUMpZmMvZsK0ckNHTK41Duddp4KE18bDfnWDQHWE2c+EHMfzAg2XZWFyoYGP7EKPBALbj4KmrJ3G8VkgNO6MiCCJoqiaG2ZtOYFkOvMCH8ofPvZGEQYyso8PQVbkBS40wl+NFJDQ8ZBQFGd0U68zI6Waw0ezj/u4AUZKg2+3L9/naJAoRQRFrMaw8iiUHj5ys4nS1JA+fF8BD5s2lnhFiOpvKRemaikq+gIAPOkow86ao2FkoSoIoBvwEGE5nuHHzPm7eWse9ew8xGE3EepWj96UF87P5OZ4/49HDcWwcW1vD6toaSqUi5herWFmsopozULJMWIYpkWA6m2HievAiGogr0aJk27ANHZZtIwGNKIM4jhAnMSaeK0ZBt+T/oOjoDqbYa3SRSRIYjiPXsb21jcsXj2OlVoAKBaZuiiGrPBBFAeNPEAEq7fQPv/xicvzYMibjEQzbTC3LUGGomjyyMArlh5JEgZpRoWoZefitwRRvbg/QH3oYjQaoFnN4uLGFOIqgahpypTKqlQqWF3N4x+k1ZJJYDiKTYcjip/C8A3RHA4w9H6VcVkLIcDLBLIzkZi1dh6lpSBQDz798G6/euI319Xvw/ICmkYY7NQMlySBRYgmztF4+LPE8uW5+Unr8cRgg8D2Ui3k888zTWDu2iCcvHUPJsiTU8IF0hiPwR/jWlqoiiCOJDlnbhGoYSBIV4OckMYIogh+GcnjdaYyvPH8DYRRJ6OcXvYXecOWRMwjcMR6/fFzek++nqbpcK58lX9OdTZG3HCjPvnE7WagUxX3ksuMESkaBnlHF0nhDcRTA8325Qbq3qWoY+D5ubfbRH/uYjMbwPBf9dkseuuVkUamWcOL4Ap44vQpDwpQih/H2VxKgNxxg4vvI2xYKThZByLADDGdTQNXkob/w0h18+avfQKvZOfICDUmGHphIPE94vXLAfAiJ/DwfPq9b4X9JHuSNa0iSCIHnIgxc+LMxTFPHxz/xEXzXJ96PnKZJyKbxdcZTaKoCM6NCP8on9EB+Lt83o9Gj+N4K3MBDz/Xwjdc3cdDowPM8McqFpSXs7ezI7aqqilI+i8vnFnDu2II8P1XRJPwpGY2BSPKIHP5+s5veQpIgSCLoinqUcOVbkix5kmHoI4lijEMfumbAC310hgE64wDt/gzbm1uIfE8eTi6fxYULZ3Dx+AKqlkaDgkJnfSuBw0NvMJILYNKtFouSjGnXfhhgvzvCxl4Hv//7f4zBcCwHmWR0ZMQbUhdn2NBUWitDZQLXc9/2Bj4027ZRKZeg6xpmro/BYADXnYmXhEEIdzZG7PuIogAZNcI/+cc/iqevXYCtKpgFIYIohqFloCkZeGGEgqlD02hQCjTdQKwaYrxRHKE1mqA5cvHKzU30+j1EUYQ4jCX8x0kCTTdhWSZqlTyeuryM+VwOmqLJZ6uagShJw2xvNoGy1WgnPCG6zVtuzr/5QbQwCVcAgoiVTRrCRp6HWRSCPtUZhLi92Yc38zCZDuQ9nnrHo0hCF+84uZTGd4ksfHWCKJxhMJlJaGR8dWxHqhHTNDFwPbx+bw+f++yfY2/vAPFRJaXoBpAwGwDzC/PI5RwsLy8jCgN0Wm3JQwf7+9jefCDXOr+wiHK5gsPDBmazKbK5HNbW1iTpjsdj7GxvSehi1RQFPiM44iDABz7wfvzA3/qfUM4bEkb1jAaN4Xk0w3IpD5WVnKbCMAwoqgmIlUfiJdvdAZrdKV578wECz08jSxxDUWngKoqFEmr1Mh49XUE9a8POaAhiVlZqGr6hoDMdQ9k4bMutanRJuiMUhEl6GBFi6DxJHo5YIhAmgVQ67fH0yGUjdAYBdg6GYq0rK2VMRlN86PEzYBaSZC8VVQx/NpIQJYefAG4Si/sWsnlJ6n/2V9fx+c/9CVhkQNOhMOmlpQROnTmNhcVFLC0uSAjd296GbhgoFLJyuIP+WCqlSrUmoe/erdewvbUhXu77DFEzbD+4g3e854OwsmX0x2Mc8tBZNSUBIsb9KMDJk8fxD37kh3FijSVqAlXNIAhZPYWo50zomQx0VYNuO0jAyitGHCdSfu+PxvjGS3fQ7I2krPZ8T/LN3Nwcsjkbc3UH1ayOsmmg6mQlD/EPD4VFxYzl/IODw4RxL6OwFAug66wD+BAVSVAMC/xv0zCgQcXUnyGit2Q0hEmCw/5QzpcPbdgfoVguY22uhJLJBEgv4GEkGI2HmAW+xMGcaSBMMnLwpXwBrhvg5z/9/+D6K68jVphcDUDVJdTVanU8866nMOz3cPLUSYnHxD6ZOJI8NRwOUS7kMZ75cLLpAQ4mPtwZQ6sq+Ioha2/3AK1GC/fv3sJf/PFn8G3f+V3oj3zs7+3C91xELOMiX7ymvjCHf/JP/xFOHZ9PMYOioNWfomiZqOeJaVQxhoxuH5XCkRQ9bhzi1k4LL99Yl7Ao4ZQhTtNQrdewuJjHUslGQc+gaGXlfcM4gCYlNdIccmdnL/GCEIPRFHO1MsYTF45tQuPJJ0zqgKbpchFM6J1uV/7dMdK6vDkcI0wAQ82gxocbBJgrFlPcgjSO0lJa4xG8IEDBMJHVdfRnPmwCNMPC3/v7/xAvvfgCTj3yhFRUqm6IVy0vz6M+V8eJY8tYXl3E/PIiwiBCOVeQh5cv5NFqHCJrWchls5LnTEOTPOcGIcKIld1RdU2P9CKs393B889+A93mITKahkKxgl6vjft330QSMcyEUhQsLNTxb37uX6OYM8QrJjMCTQXLRRsGKyMCQJNewlBMO4sRJREaozFub7Wwt9dAJmMIiCUu0XQNtYqF44tFebYLhVIajeTzeOhphFJube0mRNUMD45tQEsY8AmAYrhT5ooEEzeAz4yrZDAej6BpitTUBUvFyI/kYuvFvFRTJScrSV9KR4Ypb4atXk/ew7F01J0sLENHlGFAS/Brv/af8elf+Fkcu/CE1PkxMoj8icTzQrmMv/bxj8BxDMyiAKEfIpMoKGRTd+/2enLdWibBSr1O7Chot+dOJDQSBdPz6TWmpiJrWAjjGFt7Xbxy4y7evPU6bt54A49cvorZZIRXrr+ImOE6TtBvPMBf/xs/gE/+2A/DMYnPVGw3BjhWL6Jo8TNVQeTQTCiSS2i8KR5hOTz2XNx6eAjPS6DqKkwdcGwd+awhRlOzsxKuxTOiEIaqSuhTNprD5LWbd7F10MDUS3NFRlWhqyrOn1yErlsC0rwAaHVGUDVVQsFwMkYlp6OYz2I0DXB2rQpbV7BYrvC80zrcm2IWxVjfbRJdouhoAsRmfoSp62Nzaxs/9ne/HyfOXxPrYGndbuzh+3/w7+F93/qteOLi6bQMHfbFIm3LQhwl8P2xHDh/Rs1kEMaK4BhNNRDHHrqjMSaspuIIUZRICctqydIMOLou+GYchLh+cxuvvnoDX/jsH+C9H/gIHqzfwe3XXxVrpVGM+0387K/8Rzz+5GXYGQWbzQGqpSKW8oYke2KJjJYBVFI64idyKAz1N+7vYOQF0LWMpAHmIsvMoFTIIgx88au5QjlNDWEgBY6kgp/81c8nLCMlaSMRS2KpSItQMozBliD4bFZHnKgYjGZCa2QdE2GcIPAC1CtEpMAT51dQy+ZSXBAHaA37aI88NFsjQImxvFRKgVHGwv37G/i5f/Up7OwcoFRbwP7Gm+KBv/z//iYunj2FtblaCvSiQJL1aEpKwkAS+XI9/OKN80DIR6k6H4qCJPIQBC5mYSze4IWhlJUpA2HCMXUJFYJVALz24AD3Nvbw1S/9V0QRpPpav3UDvuuj39rCqfMX8CP/+Mfx+LVH4Psxpl6I47UijEwsXsJ7VQ0LYN47ooGCOMRuu4edzgBWRkVGU2CY5M8IZslWAI5moprPSmFEo+P3WYwo//uvfi7h5VVLBcxVCtg7bEs4EMwgFAeQy+UF7JAkG45GWFksot9PaQYCnEsXjqPV7uJjT5yXN1aUGN3BAN3pFHsHI0RxBoYeo1zNopzLY3/3EJ1mCz/6Qz+A1ZOPYOfhTSkM/q/f+G089dgjKGePHq4YXYwZOS4xmlgoh3zWgUozipMUm/CQVTsNk7GPMPQw9SO4xBhHJKlcFzJwTE28JWB4SFKKZbM9wvpWCzdevo7XXrqO2XSCrY0HUk31mpv4jd//I1SqBcE23cEEZUvDfIUhOgNV2IcMMiavmXmA8CQ84t1Y6tBDWdomSBTSQT6iOMU5tq7DMRjyUsApOeQnf/Vzydnji8jnSB/oeLjdQKFQxGHjUEg7nQk2k6JSHgitkiGL1QhpFF5AIWsiZ1v48BPn5QFOvRn2ewwzDm7f24Xn+VheqTA7QE0U7O0f4rd+7f/G9k4T+9vrYlf/9ld+He995hrmCsX/jgFOEASeYJkgCqRi0sm8KhEycYjQDyQUsvKCaqRc2hH5x+sM4pTtpYcwv9AjGOtJx6gq35PlPjFSBputPjojD8997Vm8ceN1TIYDvPzN55AELsq1Gn72l38FtbkKvECBrcVYrpWhM6KYphQCumFB0YiXUj8hq0uLZ9J+K5SJZ0pK0ORaA7LPwnqnwJzfVH7zi99MDA0wbBuD/hS6bWJnt4mZ62E6GWPQ72NxeRmG6UgcZNITZle3hPRTEoaUGO9+7BzOr9Ylhm43DnDYdzHsTxFDg+tOUakUEXozeO5MEPM/+19/FIGfUvb//N/+Et793qdxrF4VAPkWou/2O8hn85i6MxTyxaOL5sUTJwVCnZBiQRhIiRmHkZCdPCCWsSzLmSh5TaTUiYbf4o+MTEYOQpC3YCUF6wcd4eH+8svP4cXnX8Du5n1s3n1DDvnn//1/gpnL48zpCwJua1mdtgCT9D1DoqpKNZUoKQVFmoZRhXmMqSAIg6PEn0hKeOs6aOhiUMhg5E6h/OVLNxNNy6SVT6Jie7eByczD/c1deG4Iy85iOhtj3O/j9IWLKUEolEVGkPLJtXns7LXwA594FxSxChcPm120OxMcNPpyAJUKS8sejq8tYP+giQe3b+K3fuM/YDrs4ePf8334oU9+EmeW5wXrvPVFQ6Nrs2w0pD8jTYDUrSX+kPSj4xKt+oKhyNJKaNV0OaBEQgHfJ4YbsOpiXmHhkpHSO2uwnGdOiaForMYy2Ov1hcL50l9dx9e+8hVsrt/C5r2b+J7v+0F853d/N0rlmtx/2U6gHyUEXhmvL5/NIqPSb+gLqeEyOrAcJoXC1xDZv90PikmraIJZGEIHfgBlY7+Z2ORmGKt9T26GpeSthzt46dU3sbV7CHfmQTdNrK4dx8VL57C13UC1lkPjsI/zZ1aFx/ru91+DbWpoDIbozyLsHfTQbHbkIAqFAq6/+AI+8YmPIJ8v4V/81Kdw98YLeOLd78cPf/KTOLm2iOMrS/KA36Jvpu4Uh82OVCXVQgUxvTH9x6N6JhQ6RRhpfyxo2mVDKAphGyl4E2CqABHRehhKTiGi5g+ZqgFTVZEzDOhqmgeIlvkp/ckEe+0+brx+H5/57f+C164/h9WTF/ETn/pJ4eAuXjyPuZItls/PkLCnqBIKHZOssCVe4x4Rsi4bWyFzHil6VoaqXBe/SFJOXB8THhw99e72bkJmlwdB5MwYSOaXFQTd70++9hLevH0Po9EQ+XIFGU2HY9mw8wWxWBJmejzDu6+cQda2sNvvY+ar2NraQ78/RrfbFU/a3NjAY49fwdWrV/CjP/QPkVETnD59Cp/6qR/Hcr0CTXvrBsnaKhhPxik2MknixUde+d/Y4rc8RcpMfypewN7E0HXFEqu5/BH1wUhHABZj6HlyYMQJrLrKbE7FMYqO9XbFRJeiNRPgfvn6bWw+fIjP/uZvoD8J8Q9+7JNQjRwWFmo4c2oFqpJ2LvkzWkaDraoCmNk7oRe3B0PYhoVxMBU8JJgjZOsAwqbTOAKoGM5cyc1+GENZ3z1IyIBK4gFLSE2qAltLw0RrOEaiavit3/sCvCCCk8vBcLJC7uUdSwBVuZjFY2ePoTMaoD+dodOZ4sH9TUxdVjkKXnzhOVx85KIAvbMnj+Of/+SnUCjl8au//DNYXawjozBvZCRW8+ZYRNBipMbLKGIsGRqLUAwpu/Xf9zriYCYdw4nnoT+bwTJN0Otzmi48HKslhipyRUN3Jg+EuYaNJ4YdPsySbUFlqBN8QywRCup+/uV1fOPZr+GrX/oqfvpT/xuGbozTJ1ekXL98+Yz0UGjtTEe2qqPAhpZlyX2PZzOmCPTdKUK6qaJIYUIylX9P/VDaCMzBxDNCtDzYP0zIXrHTNwoIpmLkeUOGlTapWB9HkSDfV+/u4ObNuzAMFRcvnEE266DRaGJtZRmrcwXsdfuYTiM0Gm3s7zfQ6/YE9Lx8/ToeefRR5HN5mJaGz/7eH+Bv/M/fhb//t79HyMe0EweMZ6M0ORomWr0+io6D3myKco55bIZyvvw/5Bj+JA8mCn1MPVcOsTuZIOs46A+HODVfl+ROjQAjxNT3MY1SCx35HixNQ8W2QeooZ1iwzbdK0Fi8ehZFuLfbxsSN8BM//k/x4Y99EKvHz+LEiWX8zm/+Dr7v+/+WYKNc1hKslLd1lLI5yXlkLcaTqRzCTn+Emc/WbyKvV6IQhZwF44jOZ66b+WSd1TSHsPQis+u6JBnF/oRi5okztvpyUAH2eyP0pyGGA/aAiYqJESYo5h2szJfRGk3R77nSfdzdO0Cr1cVw0MPtW7fw4Y9+FH7g4/79B+g2G/j//uMvwlQhoYifR6tsDPsIghCVfBGD8URA2Nh3sVQpSs1fdPLSaDqqLeVnjkwak9lEPKQ1ngheaHeHWKwWMJ/LS2FAz2fzivG8O53A0HU5RDISVTuLKElzj3XUqibg9ZMIvYmL1+/tYG97Hxv3buPc5WuolGx85g8+j2/90IexurYsFeR0OkE+q2OxwtLYE/5LPmPmojP10R/P0r4OIuRsA4uk8ynsgILucCYiB+oalK3DlqRGSWisUhIqJehCqri9pdLtY4m9VHE8bHTESnsDTzifu3ffxLUrl2Dalrjl3l4HxVIBb7z+OpqNJvb397G/u4tPfMe3Y2dvH63DBr73e/46PvT0ZShMclraKibxuNnuSAzudYfQDEuSIrFErWyjmi+i5OTShE635c9KPcQ8maA7Jv2fQWswkoNhq5th5PKxJTkQU2XllYin834GniveyPuq2hRDsMbKIG8SddPrQkx8T0rng/4Md+9u4psvPI+1U6dg6iq+8ewLWFxZwRNPPoX5xTqm4ylyeQPHFmty0Agj2GS1Q9InuihpBDMpQJFsgZKIcXfHvhQs4giE6Fv7jYRJPGV1VbFidt8CiYkGCpaDOErbiz69pNvHQXuCboeJyIVjZXDu1Co6Q1ce7ObmAWzHxOHBgYSsV19+RXrLH/rIR6Vl681c/PD3fw+WyxQv0EWkx4rdXg+N3gSe68EQZpncTgzN0FCt5pDTVcwXipLn5CtypQUgaSajCQ9GNN8aDiXvMR57QYzlcg61Qp6NHLC850WSdGTIYtXjhQHMt/NNyo2RPWYopLplOJvhsDcU7cDW5i5Mx8BrL72Ml1/8JuaXl/H+D3wYJ0+dkOvO520cW6lj4k2RCWNR27ADmxaGohaRLiMjEiu78SxEbzyEatpCvuqssrYPWknKpajQM5DM7wYuwhjQTUN0VGQliTq9iHE1wZdfuCMAqtk4xLkzSzhzbA27zR6iMMbDB1vI5XPo9TsYD8d49utfQ61WxZnTZ2BYBhaXV/GJ9z4OnZCRDShdE4zw8u0t+UwKBgq5bCotihIUCjlU6jmYGQVr1VKa+KDAn02h6Lo0loiWWXW5YSRdx0Z/iHzWRqM9hKYAF44twRBMEoNoIwRfG2DkTeEYNiaBh5xuSs704xB5w5JCgBVRYzIEWxvdwQzr65s4d/4sfvFnfhZb29s4fuY0Ll++gtNnzokEyjINrCxX5PmxBM6aBI2JPGiGRuZiFkxkD3jwDPlDlx6iYuyGGM88KDuHbelcCP4QiiKC57vEweLalmaKhonJnmVxCBVffO6WWP9g0MW500s4d+okusOpAMmNjW2UymXsHexjPOjjheefxfzcPOr1Gs6ePy/h7GPPXBXK2WF4YLhxZ3jl5rYYRafTlsYThRPsaZw8uQJTV6DqGlbKORRMQw6SciCGOdb9LNHJIkypRqHsptOXGN7tT6DqGakGT1ZZEKQkHsMzq69JEEgPnw+fRlG0GRLTQiHLEJdJ0B5PMAkiDIdT7O53sbRQx0//xD/DbOriO7/3e0UQt7y6hoWFeRi6ifm5PKCmIDDPPJtEyFPrBkW0XNSTsT8kOUZEdQSGfNoszTNQ9hpd0lqS8dP2bSJ96GnoyyGxbMvraV3NEm0SR/itP/oa6vNL6Bxs4uqj51DK5zDzY4zGHjYebspD3987wN7uFnrdLkaDIdrtNn74R34EywslXDyxCi/0UMnmxOuGboBX3tiUWD8Zj+UiqaUiRV+rleDYKkyLSkMTi4WslIxM3iTochZFAoog77dED1vdLnwSVREwZijQgHLeQZ1aM+lipgieKJ+9c4YxRgDqpKhs5BeNkM9j7AdojkZSde4fdnGw38Snf/GXcPbsWTGeRx+7huMnTqFYKokgbq6Wh2qwhI9RZCVlWrApUWJPRjfQmYzlvfnMeUhv0UQsOCISEHuNTkLGktJJoRlIDrozTAI/5WkUwNFTK2QtHyQJ/uRrN9DqDvD0YxdgmnRJ9gU0HDQH2NneQz5PFN/E3Ttvwndn2HjwQCzvf/n+v4unnjiPmetKvK3lchKigjiDF1+5K2QhFYa8OIOIV9MlHBWLJnRDg2WoqJeyYln9yUw6gLR3djBZirPXQWHCaDZDd+pJGdvuTiSsMT/Wy1kUHZKT4itHbWpWcp5469QL0k6oQuCWeRu8HfSGgpOGgxn29lt44dmvYzwYYv3OXVx9/BquXHtCwCAr04XFOnSDMCJCuZITRsBQIwmDWdvBfr+Dgu2kBnDEKRKiTAOmAx7IYSche5uK4VLuYuJOMXBdkZXyxXRplsCssohiv/TCG2gNJvjoe66iNRpJBcOQ1h+62Nrcg5PLonFwiLu3b0k19LW//GMsrB7H3/47n8RjV8/BD11YJjv0aYLrjwPcubuF2Wgk2ivR1uo6bNuRsrhYLiFrZ+SAbIvCCaoMA0zHqayzUsuLjpgMblbXYOsmdjo9uD4Z4UikpUKRQ0Eua2BpoZCqDd9ucJE2CoX0C4JYMAQxA72PCLrRG0sPfTzycO/eFra3NvGb/+nTqC8cx5Vr13D18SehkYLJ6JhfqsFiPZ+EqNVLCLwQ5byJsm1DVXWMBJjSiFUBs2zgDlwfjY6LZnOU6rKYcIRXoWwFqVBtFHhSArKw5I2wBBY5ELn8OMH2QVskPFPfE07Icgzs7fexs9NAuVrBxoOH2Nh4gOmgjy9/8XN417d+DJ/4ju/C4lJVWpgZJYJl8iCBdmeMzftbmIz6MCiOgCoqQTLKGV2FbTmi2kgvMkK+mEo0e52JaKDoffW5ApwseSkFWVNDb+hi6oawHRuHhz2RAIkcid1QXUW1QvaaxsaDzshBZFRFKjv2KVjcsFnHe+bBjkYpRnvwcB+bmxv4jU//O8wtnUZtfh4f+NhHYbMfomSwurYgyZ2lcb7kiCSIIHCBDIfGJl8iHkyD2+mNsNeeYOYGcGcBRqMxlMNGN2GPPCEaIRuZxOhNRhgFPsq2IwfCRhAPhDEtIqr0UpDzcLcJO+fANlPtUaPRx+ZmA0srS7h5602xpM17d3DjpefwXX/zB/H+D3wAubwldAMfYjZrodubioTnYHcH0/FILJEAQtXNFLXbWVG1k3gUi1ZVFPJZ6KaOLpXqRxR7Lm8jm+PBmbAdDXnLwkF7DJ+UfBhjMiH7Km0iCRXMI+yVm2ZGwqFpUnWTwHFM+J4vnkos4jhsGwP9IzC8tdXE/fv38e9//t9gcfkE1k6ewjPveQ90nX2RWO59rl5CsZBHogTICKOrYiGblYNijv7G+hb8MIFh2NhvT+TepqOBVIFKsz0QnCXJTlGl6uhO2ZP2UXMcJFRqh6FwWyTkeGjEE/lsAbe3D1EoWig7tvSw280hNrfaguI3t7bQ6XRw/bmvYvP+LfzwP/opXHrkIpysCdNQJVcxmHfaQxlrONzfwajfFYGE6TgCGNntI+om3qCChWWw8GyOIwfizwgASb37ogBcXFyAammg9qBcysIpJ1lTAAAgAElEQVTzQvEU6fz1pwjdQDgs9lOYU5g36aX0Kt1QJXfxHlmxZXMWJhMf2WzKs/W6YxQLWbR7U9xbv49f+D//D1RKdXz4278dC4sEn6zdgEqlipOnlqWv42RV5M30Pih9YnXoxwm+eXsbAzfB+ZMLuPuwJVrgSMTXGR5InznuSNmuwvU9NCdjAYJ1OytlJA+JcZllC9stnsscYOONh/uYrzuiNJnFCaYTD3fWD9EfdNBqttHr9fHic1+BO+7jb/6dH8HZc2dRKmbh+wEsS0O/O5T4TjVhv9/GsNOCZTJMmdCttLLjH9vOCifEnoc0YhWgUC6JCoUVYSqIUWDZBRSrBai6gnzeBJtQ/cEU7pQNNRWjwRgh27pvCSSkqWRC13V5GCyF2RLmyIKmQQ60VM2JvGg69MSjJ2MfGxs7+Nl//dMo5Mv4lg9+FMdOnhBNL/NdoVDGmTOrsGxT0Hg5q8M2bWnlOoYhXNudvQGawwD1giEahTBWhcJn8aK0O8Mk7aGnlQfr8b3hSKqqmmOBlJc0iUSJwn9nGspIsjvsjVDK23KzpOpZMb253kBjfw+7B4fod9q488YNXLn2OM4+8iiOra0gn7MxGk5QKjtoNUlGprrbCcNkt02JOkwnLx1MPmQi81w2n3YERWMcSv6gFdlOTgAkxRhMCGRMmXcsqtmNjDS8bEqVRj6CmStGx0OVgR+2d2mRVKPIoZhvi8sJ2mzbFCGHnTdFaDEZufI6XsPBXge/8O/+BWr1JVTr83j8He+A67qiX3OcLB65dFpCOD2kYKrIWTnRGMyXy2hPpthtT7DTmUHPxFhdKOPBXk+ebyGnQ2m1+1Ja0a0YN2e+i43eQKqAis0SkMqPSBIha/SZF4hbM+kddEbI59mLT+dK/CjGxnYPd+/eEzFEa38PN19/He//0Edw8vRJVMoVOFkbg95ISsJed4Rej4cxRn/YhzfsIZh5KFSqElqyhWJ6EPxvm904ot2UspZ/FzlmSnMzMaetUMAk0tZ14eaYtAuFvABNaeUigS8TT1QbpiCQxCOV8BSEs7RPQ5eKhfkKTFuTHvh0PJHXm7aBYd/F81/7qvSI2p0OnnrnMxhPJjh1+iR6nT6eePxR+MEUhaKDvKGhaDnYOmxhaWEe3dEId3Y6GHqpWOrS6TrubrYES9Gw5UDSAZpUyj+YjrHRHUrJ508CLNQpOuCN0a0UcU1dMzEJXDzY60oIogg5axsCwlrtqbRpO+0uth6s487t2/jWD38Mq2srKFJMZ5iYjCaCQ7a39xBFigzsDIc9jDtNUIuT0QxYjoNcuSw8FfONourys/wjI2TUffkBstkcBuNRipco3I4Eh0tlxraCiFwzVOQXhZlOuWzIWIIEasJiagRMjvXp4kFkKPhM6vUKLPJRloUk9BAFCSyH+cjF1sNNvPbyN6WJduHiRXkup86cQrvZwYWLBIq25Mq8rqPCUQuC6iCU1730oC2hf76aw1zRwZsPG8LdEQ++7SEMWLyQ/myCg9EERUPHq+sNlPIWHjlRF5QpTaIkI6Uo5/q22z2xLnc6w+piDd3xDM3WBJub22g2Gug0DtFutfDo40/g9KmzqFSYaBkyaIEJNja2JPyMJmNM2Ta9cxNz84sSUor1OaH9q/MLUgaT0nGypN8pLKOXpIIFkYVz1pD63DhGrpATCp9HYVGkJmwy5ULp+BhHANhOpfCOVdRbXkJW1jRTUpHf42eQr1tdXZLDphSMYZ1k52QS4nC/iT/5wmdx8tRp1Op1OVQ+F/JhV64+gnzBEqPmNVSdnHBXFOd5UYSXHjaRz2rCjh+rV7Bx2MNw4otu8+2kTruhcm7gztD3Atiago2tFo6tzcGmatDQwFpHkqpmoDHqoTvy4XsRSgVT6u7uaIZmY4ztnV2R/LOM5U8srazi6qOPIpc30euMRMofhS62t7cxHPTlPUmD7Lz+MhaOHYM3nkA1TJTmFqAQ6GULor2iVpdgUcjeKJIDYOMqLWbTkMXvOw5nCgOJyylPl46OUbDGSlLUIEEgWICNqP/2RUVISlRSjEAPvPjIeaFwOJdYKuYlxzKxj8Yu/uJP/whLyyvCJvAw+6MBjh9bw6mTa3IgbFgx9FcdRzAIG2T9IJbRBQLZTt/DmeUK9jucCghh8dAPml0RyqXuG2F/OMTIjZB16BHkdkJ52DFMlHTmzgRxRsdev4tGeyTN/XIpHRAdTTx0uyQZA7z80jcxm0ygGSZWj63h/LmzMIwMRqwqQnIGIR4+3ECv0xLq2szm0Lp3C+FsisLCslAPmmkiX64iWyqn6kBFEaGc4+TSh5YkMiZAVpZ/0wOkx+HNpO/PpM3/n4qZ05ELuVPKmUSMHUripzdIfjnKKdJI4shaEOHK1cvo9SfIZdPRg2zekWqy05vgpW88j3K5lIJNzrf0ujI2sbRYR6WaFRqGfwo8ME2DFyW4e9gUY0vUDPZaU5xdqmC31ZfWASe4lL3DhjTeyEUxvu4PhnBDSoZJBUTQEAmoWqiWUc2mlHGiGtjstjAeU/JPpMuj5eibggf3DqSMJXgaj4awbAeXLl0W9XpGoSyGowwqOu0Bdnc20eu0MRkMUVtZxmB/B927r6N46iIisXANTqkK1bZRrNYl+vPmSdPQq1hNjadu+oDpLRN2AjnDF4tShg+4Wq0eJftYGmoyjk3V49FADX/uLc9663tinKLAVPDo5cuiDaiWTAzHnmARylOpuNl8cE9od94vxw32dsnjFfDkk49KeGa7Oq8bsDVdKB3qnA9HE7hgoyzCcBbiRK2E3dYwzWW8w+deW0+WqmknjpXJTrePMJPBw50RTq0WoSYBdvd6ePLiMSHvPD+EYZnY6LTh+VRvqKIgYaOecfLB/QMMhyO8dP1FeLMZ5peW8fTT7xQX5oGTfFxcWkaz2cPWxj0cyjSTj8UTpzFsN4CDDfiGhXx9EeP+QJTjtZXjMgqQL5cEJKaMAsNWLKMLlPjIg2VvZTQ6msVLJIHyD6ssTlQJ5BatASe53sofKX/H92BVRsVh2gRL+yfXHr8m8s+cxfCQgWVzFE0R0Li7vYvJeIjNzS1cvvqo9H84yfUt3/JuzM3noemKPDP2k8qWjUjJSGOM2oXWlMVDIpNZ67utdC4nVqD8q1/9naRcyOLKxZPIFRz4USIVzb2ttkj7F+sFlLOc6UhJO6IqksmHgx6mARUdRLhcDBAgCBPMxh7u3FkXvmc87Euv4Mpj1wQ503LfvHMPq6sn0e8PcP/2G9i9d0ceyNK5i+Ly1cSHO+yj60Yoz81h2OvCzOZRXV6Rsc5coZJKMdn800yhRliqkjqczSaIpPLKiuqST58qydmUyskKHJtCBqoL04MRyQ9PNtV/pryYEKwMhVTOR7h8+RLW1paxs3OIPGdDDOIhBTM3Qr8/xfbWA+zt7uLRq1el5KXXLy4u4r3vfQKGmRGlPQ+Fz4/GREKRkKE584X+L5qUTk2p5ktD5s//5z9OqB5hu/H8mTVEsY8mSbsklsH7nEj4MwIAmS/YVWQJt0/MQD5G1zAczeB5MaIgxmA4xcHBniTs0XCAk6fO4OzZc6hUbLHC++tbqM/PS4OHPNftl6/D5ETR8pr00R2OEkcBdne3ADOHfKks5aphOyjOLwqKd/J5CXsMnew4MgeQujdNG+NBJ91IYegituC9MeEOuj0UC7kUqVN9KdhJOhKizWX1JqNpoY/RsA9dS8nMj3/8Q3jj5jrKpRJK5SycrC48VBwk6A1crN++hU67jatPPIEbr7wijDHF6e9695NC4ZDVpkLSoFrStsWoiKX6ri+as4EXYkBdVhDL6ITyx8+/nuwfNrC0sIB8OQ+fQzGZRJA4KADIOSjYhpxsxcml482aiu12W3rUPJxWm2Nusbxps9nCzs6WlJ5s8V64+AhOnDwmeMX1fKzffYBTp0+h3R7InODN5/8KJhF2Lo/K2kkY3gxaHKG5u4XucIxSbQ5OqYDJcAzTySJfm4NuWzCzRajs9x8tCaABzSi7SSLMz8/Le5uWg9GoL/wXK8Rer4vaXF2odx4GOTDmFPYxWHmRnSBNxNexWbW6tgRFy2Jxfh6eO8XSUgV21kpXYviBFDBktenZlbk67t9ZR75QQLFYxKXLF5DNkgHgjLsurWSWv6zpRFWpkMvLYG88lhzF8EWNmPK7X/xaQgmmaWeRL+SwtTvGoxeW4PlT6Axdm11cPVNBLWung6FKqnJsE1lHMYaTAM3WANlcFoPBCM1GS7yD5J1pGsINXbv2GHSdiTfB+p17OHX2NNqdIV65fh3j5gGS6QimoaN86hyi2RQWKxyOMuxsyOfZxTJ02xZ6IpsryFKCUNOQL9WhWXZakDDRc14l8CQnkX9aWFhCq9mUhxlFHHfjoE06Hy7V11HVJr2PLMcZUuTearVw7doVbG/vwM7V4Fia5IFTZ1cFuUdxeiDDoYeH9zfQH/TFC/m53PnCUEejuHDxNPIFR77P6bFqjqNtuhQraVULzOJI8jY1YlRLKs/fvicj9sioGAwnOGhOcf70IqLIk1q81ZmhWrKxWLLlIHhhtDjyX/cPmuj2XPQH6RA+D2RCrmY3HZivVMoCBJ9+5+NHAmMFu9sNVGr8vo9+t4+7N9/ApHkgZalRriOhTmvUE+seNvcxGnRRqC1Jc4ryfdPJCcXjFMtIiOh5IJxVpDqfeIPsNIf3Y25UYLIPhYtimmZvglQ+h3IIDMUzCIa7HcE3FGfQkM6ePY2//Msv49TZCzKVxYfJaHDi5DJsS5eowPDChhWVKBZVNvsNued+v498oShU0oUL52BaLMMjFMuOML+FrCXaL+bdvudJJBq5Xqo/JqB99cEG9SkiUWl0R3AsU1CjZas42G/j9IlVORzmESa6lWpV1Nrk+Pd7A6w/bMnD9D26eg/T6RStVkMsjYl0NJrgve97l2ikyAHu77alP27qGnZ2D/D6i9+QxDfstpGxbJQWl7C1sSl4oaSriMZ96YlkuAyH0lB+tmXLwWgO8Q/77bZM5hLPuNMJyvX5NEErwJT5wNBkkF83NQQ+Q1OawCVMyQahGNPRCLWFuXRyjPquVgvHTpzHbDZEtVySXEnxxdx8Aa7PvoyC4dBH87ALzx+i3yMtA3S7PclvXCtCMpUiB0BFtZaHaSg4vVCT3hJlrYfjifRHKM5ga1w++8Xb9xMKuviA+DXiRgT+zTFjcjteItTG2mIJg2mIxWIeeUsX1ne328P9jS6yWfJSO3IYZF+Hw75YHNlRJtin3/mO9EAyGSEWSYkwvt6/dx+3X3kVEfes6Kqww4vnL0kI2HpwX6opnbJLU8Pc2inEakZ4JWq7rGxeEiTnxXkg6cHw38YYtrtYPHYcM85bHLELo0FPrJKvFSgSp8MyfI3IkSjWc11UajVZDcJKs1KbQ6d1iFKxKOxvvV5FtZrHXmOIuXoew4GLbmeIrKNhY2NPACrF5fTSarUmADFdT5JBsUhyFLh2bk1wiYxPsBk489CZuXIvJcdhC7edzstKolMF9LBPTqqBL6AapTOaSqJnMi9Qxm+wv56gM5rglVs7Yj3b21sSVwmSptOxTGFR78rQ8M5nnk6HfaiAdAOhOwgSJ6MhvvKFz8NtNrF44pQk28NWA0a2iObOlpSHVMEXnRxKlTLmVo9BNQ0ZzEliBdlKBa4fiKzHzuWE9GSVQyUjH7CVz2M6GqabErifpdtB4/AglclaloxJ8HC8yUS6mOkAD5AvVlFaXEW304RtW6JJnpurwjDVVDc8CVEsGHCnEcbjKcrFHF67cVMKmW6vn4q9HQeXLpxCtz8SxE9iNVfI4tQa9caBbFuiepJ5hDxdouqyY0U5bHdF2/DWpgZWKweDPgqWLVwQYyqFwELNBz7q2YJoV/l6UgEv3NgQZcnhYVMOgAfChWYkCYkBePNPP/20xHdWcJzW6g+G6HbaskHo1osv4OGNl1OFSb6AQqkMN8mgdbCHWa+D0dQVupwHy0Mrzy0g5joMXrPloDw/L9Y2nUwlZ3DtBrEGCwoK0vRsVkJp4LNtkJFJW5lrLxZFy5zPZVEsFuCOhvDpLZqO+bUTyBXLGM84RqBIGbu8NC8hj7kvSAwZASQzzcqxkMvhm9dfln/jwTOH1efmcPbccXTaPXQ6A6ysLiNXsGBlKWRXsZLPis5YRhPI9JJkDWT5TCtJV1+kQn8+6N1eH7ViQQg4ipwZU8lScmXSYqEkdTQ1t/w5jjzfubspDXoeAG/+cP8A9fn60fIV4J3PvBOZjA7fj1DIm2g2m9je3MTpU8ewu76O29efE6pcBloIOzkuZzoYdZryvTiI4E7GgpivvP+DmPkBfIYgLoCxHZRKZRiWJQmVyXTS60GLQ2hJOuI29JngaVQq5uYXMG42ZCKWDqFZWRhZRxbnkK6pLi1L+cyqMVdfEAVMLptDrVpCuZyXJTjEH2xT86nRGCjaeOnl16QKpA6LDHOpUMLKWg2j4QyHjRZOnzuLcsWWoaj5ShFzDod6SJYwmZMJsATJK7uHjUQGEbkm6Gj4cH+YxvmCZQg5xgc/I3hKGOeywiWRFSZKZ9fwhW+8DjeIkIQBDg4OMB6OpKqiYG42cfHk009JEg6DBNWyLfTC7vY2zp09IX2FF/70cygXCkf9bF04JyOblQ1rwWQq5XLkTjEa9DENI7zjO74bnZ1t6QImVFySRbBzsPI5KZE3799DXlPg9buIp0MhI7fu3BTSUi9WYJNQnI0lHMk+FZ07udhf8THpd+EUa1BNE8cuXU2BaDYLw9TxnndcRaM/w85+R6gXMhycn5xMZ9jc2MRgMBTPKzDEVnPSsuUwKPeInb94DvU5AtMYlYKDumWJpJWeLstHoqNRhU3Oh3DMStUFibOv/KDFvYOJyGn4RVUgBcpUn3OkmCWaKPAsG60O9y/uYmNzT6hsHggthH2Q+cV5oUiuXn0MxUoNSaKhmLfRONjG4eEBgtkU586dQfP+Xbz01a+KlvgtfMDuoJMvIHSnEpsjLjabjDGZThEZFh79wLeh82BdRBixrCkKMHY9rJx7BHalAsWbYvPV6yl7zEUxsyn63RYSTYVVrAiuYXhL8UAi98fqcUqlZaeFpXOXkFs9jpWTZ4U85czgB973buy0qMIkLQNJ5uxEPtzYkGgy5IEUCiiVSnjmndcw7A8xmfm4detNXLlyEWtrFGL7qBUcVExTGF4Camp/RXvPz3ltcztxiJS5VItlVwLc2GxA0RXkHIqO00YPd0itlRiuOMmUwb1GG8drFfz5V1/G+TPH0Wz3sb5+X5Z2kUva393D0sqCiB0uPnJJdoqYdk6s8mDrnpSd/XYTi/N19AcDPP9nn0cwYTdSg8pOWz4v1Y5s43Ep7w8RzmbwpxNJ9lGhisvveh9699cRWhbAQgGK7Gh0FlexuLqKKUMXlwiMRxjs7SCggJsLbVZWYOQKgnnoFf1OB93DQ4yHad9bSXyhx889/QFUT5yS6nBhcQ7Hj62iM/DQ6YwQUJVTKaLVaODw8FCMhsVKLpcVmqVQLAgTvr9/KIM7n/joe2HndIEOtawjdAqNgOU915korCC5cOfLb95Nao4tD56nFUQJuhzUj9isSWUsJPI8P8GpWgVDamZJEm4d4ORiDV/8+iuIwkQOpd3p4eVvviQNIs6EkJImz3P85CkUChXki6WU6og8dFqcsGrj3uuv4qPf/h3YevgQf/6ZzyByJ3IIhWJOkimFDGSNY1YkZBRoRUTm5NXml3Hi3CPobW8jsUxk2H/RNdlsatUWoLE1OeqhVKkhQ8VHsyEKw16/K7ovPo128xDt3gRazKU5DuJwBncyg5NzkJ9bxNl3fVBkSUvLCygSjEJHpzeSctrJWui1WiI8pzyWIG9hYRGVag6D/kRK+93dQ0RxgI996D3I5ThDE8qBsIPPsjf1jnRnpMbRha/fvZ/YekbidrozK4O+y7WrXM+UoOxwcEBBJsmgnitifzSUNavU1RIcPni4i829viDYE8cX8dI3X5VeBMtLEnudTgsLi6vI54vIFwvSbSTQevDmDUnU4807cL0JTl59Gvdvv4lXXvg6Gq22EHHsdySxhmKJALMHPQxQq1YkJCgah4xUGAurqNXn4fY4SJSBTdQXeui4LsxiFdawK2ThiOoU3cYsjiXHcYVTTHKRqHY2xNpcDifnq5iInFWTFoOeK6N86QmU5ufwyIXT6A09mbunaoZVURKxuhsJUUqGggiZ2rC5uQq2tvaFsG21Opirl3Hu/AnMVTmIGqPCGcQkwSTiqirO5qS5RDqcX7q9nmRFUZIOwTPBjINIwgKrKypNaNUc96Jw4P5eA8u1vFgK5aBRCDz7yn35Wa7N4zzHwX4Lh/tb0p/gxFSlVhEhWz5flt4Ek3QmdNFvHSDYvoNRswG9toRz157En/7+bwviJgXOeXnVsGGYWXiTAerlsgyYThjCwL2QmZRqKc3JMColoHoSy6KYcb+DCfVdCZDXMpiMpzKhO5pNJSfsHeyimC0KII1mEzx+5RFg2JNqjWMBDCaDqYfa5ccwf+I46rUavJCcfwajYYo9tjY3BG8Q/PKQs/m8hGKW+DSaXr8vhNXlSydkw9JCLQ+bow7clqQkAhuYn+VAFG6d0KD8xet3k4KTjlhx6SN5LUrwWQFwnM3RVRwOJjCpxHMcPNht49xaCf2Ji7LDtqqKN9YPECUavPEYE1moDBzs7Uh8JI1COoYeR8BFSzh2fE3A2+79dWj9A+GyFIOKkQj1xSVsPlxHs90RWc545iIvyDmd8OIqPro3KfR0SU5GVlqExZoMi5KdNimW9n3ppUTFEjAcIEM9FvsRITcRzWBy+DKM0Bv1cW7tOLJaBrYaizCQUdl2smh2uqicPQ+lWMOx48fgRzKpJo0oDnrube9gbmFe7mk05iJm4PTpVWxukTqids0XkQjzSW2uKOusKmSqZUww3b/FHhM7TKlyVIHyhZdvJ+WCKUp09jr4Il/+MSO7PLiwcX80QavNi8hivz3EldN14WjK2SIeHDZgqQbu73fBwplUAvmmwXAg0h4yrRy7Ji1RKNdl3o7VxOLCPMp5G5tvvIHxzoaMdfEhJt5YRurYeOKmThFfSP9I5IaizeKmHgYsSkEpnSFTwOUzQaEosqCqY0JJOGKtSFs3Nm34/UE6USYioXR1n5ZwZkMXoMYtRbJrW/b/KjKH3+60cOyJZzBhsaNZIk2azXyEvo/tzYeYq1WxsLQgP0NBNpM3u5HUTbAJzv1j77hyBq/c3saJ4xWslgtwmCtUFS49ib34tyYlye8yuf/6F68nq8vsCtrSvJH1FByE5wUjg/msI7U/N2+auoXd9gAr80WocSinOw1DLJXLuHPYEupkOgzRbvUxHg/R7/fSceTxSJJ4uTaPpaUVWWxj2o6MO5w9toTrX/wTEXazs8f9JyETJGdRKPNJ+OhTmSfn2An0ZIew/J0uAGCFaFC3lSshKRQQ6xrqlimiak5ZcT6EeTAk+BNAmwoeGJ45lkNxAfk8OaSMJqHWyOYw7LdRvHgNnozLMYxlBDxSwbm7vYUPfPDdQvfzmrwgkSppe7cpfRYqeC6dW0V3xLyTwYVTNdQsCybRKLdLiPDiaHXFEd8mbMnP/dZ/TR69dBwrrAym3MSWbvuhRXLwni7GENEcjeUDHzT70sgp5TQUbAu1QlFoCVru3nCA7Z0+xiNfZse77YYIH4Y8kMY+CqWKMJ/cJESSkMK0oqnCH/awXCpg++FDsX7u1OWKpXSAiLvnKXfj3+x5h9L34Hukq6AUUXSYtGA7i+L8PDKWgXGiwFEVJJykDcMUy3CzxdF2Dr6jjJVRNko9FUMWZ/OZE6BIC8HPKDj25HswHA+RaNQEpIcYBaTNQ1y5ehqWKOc1DKhE6cxwuM+OZYhyhZRMHt2RK4K4sytl5FT9SOXJJT4iH39bbCEAkdvpfua/fDG5cGENC6Ucbxmd8UzIQy7Vd1h+GqawoSLPp553NEF76kq+oZx/pVREbzJDTlMxTRI8PKB3eLIMzFR8HDSH6HT76DZZdeWk20Y339vbE96oaHMeXoEy6AkTMOPka68tKJyWxhKbwu84OVrxzXjLPe+yQDnle5jfDNVA1imgtDAv00yc9eDgP8kYbzoV4EYAyV2QsnSMei3qg+kNPAzTRjZfkHsszy/gz7/0F5i/9DjWzpxBo9WEYbFPP5UxNNr3hUdOIW9rMpzDQ2lPAuxs9XDv3n3pq9SqZWiWg8lwhHc9fhx5fo6wykfbHMT7Y5lU454WHrRpmVD+5a9/ITm2toDjq1W5MDKO/ABaT9kyZB5OmlJHy1woaLvf72M8DZCz2bzPyLDnaqUsYeCNnYZsFZq5E1w6dRLffP0O9g466LWbMk3EZk4hn8fu7l46f8cFwzkHmXEPWel9c9lAH97UQ+ARD/kpdSJrN8gScM4jVZmInkxUhZypt0XZWF5YEkFbFHqSi9iR83xuZgiFl5KVuDIZy5AMITvJ/FLQzd4IObfq2ir+7NlnUTl9Ho6dlU5eurSUC/rzKBRsODkTy/UCplyTXsxivzXGzTfSvcFswNHa2U/nWthji0U4Op8hSUSuCjFk8IkjDFPXxVjAtoLe2IPyk5/+3YR94Hc8flq2rXGBiwznIJZVr46mp7tGjkTPHLTvuS4OB1NZvW2buixd0eJEcgKXDjOOUkB2eqmCzWYfO3s9WdE6HA7elmrO16vY2t4THFDLZRFs38Xc8jHhlrrNFqajPqbjmVQqFM1JQ0mU+L5Ucfy+bHVIuKOdid2GY+cxt7aCLPGOrEiP0Bl2MZl4goRlKIljCwwP7FDy3tjzdsgQc2GAitriMm7evYNpqQ79aI8j1Fh+6wLnEAsFB0lCPFTCYr2IwZDbVhW8eWcThweHuHzlouxxoUSqc3CIJ6+eQjFrSfhnO5siF0fngXACOJRRbu66Z/U3nB4dCAHY+993BSZ/Hce/MRgAACAASURBVMXRJC5XoVKiwiaVrMk7UkvQWtgLYQW03R2nIwAENGF0tI8X2Dnoo1YuoJ41Rce0vtPH4UFXGl2kSXjz3H1IPZOdz4umVe/sI6+pqK2dwng4FFplypslXcJB0JAbGNJlZPI/WauRbuLhgZiGI8h+fnU1VaUcbRMeuBNpFUd+uqeK4gZGAtnVqDP3MAeY0lCbW0qlRi/cu4faSVImmkhcWSYTh1UqBWTzBmKZR6RMFGi3R9g7aAppeOzYCpaWiuk08sYBLpxeFC8yhX7iPrJ0dSKXcbKFweqMbdy+G2A4nqV76z/1Hz6bkD9aWCjjyvl0NThvOsftndz/JIM66Re9QwRlTPnc0tkdYhQw0QIVx0QSpOKzXp8JN0LkeXjn5ZN4+d4OlIyBwdhF67CZynVGAywvzOH1m7fk95VwTM2YDLG6vCbAsNNqYtxtyxgAleqsbpiYQyV821sMrvtOIlkKYGgmCoUSjp07CyuXl9czcXPd4G7jkNol8XKGDemnE8OwI8ndvaUyyvU5mWK6ub8HZ+VYumuXu170jHBUnFWkmp10D3+3Cmfxt7YaGI/GkrMQzfDEU5dEdtpuDaXncvp4BTaxE2KZwpWtERontriQ2k3V7hkFe72x4J8Ry+Z/+et/dNSgSvDh912RTp5ULooqVRR3JMosdYazIb68qchq1AwGQYg7uz2xDv46Bw6fsjdwcMCaPx0te/fFEzL61h0MUa0U8ezzLyNbqAmzPF8vy2KBUnUOSpAqDLk1Kx71YRqmIPjhoCt9coolWFbL6teEuwxjaTvTaDIRZBQu7+Swcu6chCzuoo+5UlAJcdDpgs5P1P7WPAgPhYiahYZTKAptzq1AzYyJuaWqrJYlGj1sdSQKkKVI98xz+iuHrJVFp9OTPcbUHCwuVoTR9txYDOj8mQX5jUCuz9/0YMhcDVNCgYOsslac66dYsqe7irmjkvyE8vO/95WETRb2v8+cmketYAhSrdmWuBnPIq2WeSAuPP5WAoIxTQPXO97c40aHmQxLlkqmhAYOT44GnkwxnZovI2+puPGwicVaFo3uGDs7TZEd7e9s4NrVS/jDz3wBjz/9jBx+5M/gZGJZrxq0Ghg0DzEe9WUHJOOs9EjCSFhnKiGXyyWxrijkL0rJYIHaLo5zS7ML6Ix7kpAZorQo3WVCY5KQY5kw2F3M5WSn443127jw3vfJStfZLEB3MJYxNsO28NIL1/FwfR3v+9CHUa+V0Gr0pElFrEV1DX/3CkEvmYSl+TwWynkZ3yDQbrDKC9NmFFNBJctxNx5GRva8yG9dSBSwD6X80mf+KuHiFg7QVCslHJvPydTtYr5w9MtRjjbVcBWdN5O14rIDVzOkpHzx7h5ms3QFLMfHsraGJFKwszuAZXFBWITLx+dx4/6+gEFqZ/f3mumQfi6PTOyhXCris5//Ap585n3IRBHykYsitVMKcLi9IRQIxROc8WbPX/aukMNgPvG5qUFFrVQV5tQp8NcKqTjkio7VJXlIzDMqUbmIa9JdKbppya+dMCxbFh3s3b+NhaeeQn5hEc1GX5Q3ly6dET7q+edewO7WDlZWVvDo49cwXy0KDuH20vnFNfklM49duyTjFgTY1LARR/F3CvAZcQY+IZ1DkMtfC0IWmkyvrBjkzscjjRaN7CvrW8kbtx6mCXEuh4KtYT6fFdkM3SNdFpwiXqoXSWNwLp2uxhO/tduTiSKqMjiObFmcE9fhugm2d7sy8vbosTmRutzeaEoifen6dZw4eRKzGaeldJmt48jw57/wp/jwt30Ct167ge9+31OIOl0cUsHYbKDf41DLWBTkbBWT/KTVcUEz20f0YJKLnDUkt1Ws12Hxd14J6xJJuCJRKhvg+D+OvZlGWl1FMbY7e3js438Nb755H36koTpXQRx4aDYbeLD+QBLyBz/yUayt1KX8/frXX5C1Gi9ff1VWF9bqjuSLOteMuNN0LIJTBEe/rYdeyuhCz2YhwefHa+Gz5OFwX9bIDaD82Y31/7+oLw+O+zzPe3ax2PvexeImQBCkwEukKEqWKNGiROuIE8u2fCjO2HJqu4ndpu20nuk0mbp/ZTrTSSd143E7yYxHOcaOT8WR5PhQJIukdVA8RYIHSNzAYrH3fQO7zfN8C5UajTQSzt/3+77vfZ/3Obq84RvNLQzGAhj0OWFnd6+dYKorAmUyaez5U+0sCFd7djWHUqUt0T5FKLSV4OXHb1qtbyOXqSHo7cPUcAQ3l1PoWm1YnF9QzATF/PRIYacf9LuUr3H2zNuwu31iljx3/DC28llkkhsoFvICLvOVsnQnBB0JZRCk5GJ4fX7NSSrVuu6iAI2O7Q4xGjtbW1oMxi7pN5LpC18gMgkdWNxYxYEnnsHPf/Ea/N4AnF4PHnnkQ6Ij/fr1M3oGp596EmO0XqpWsbm6Lu7XlSuzmNm/D2MjAbES2SzXyU22QJIOWfrJXJP0KiYUmRgl/gsxLJLvyLhnZZertTTusLw2e6dL7/aQzwO3A/Byvmx8c/TmEd9hb2LgeCP3YpMjI1SLBZfmEvzSooqS7U0CGXURJjKE8jNybps4ODEqPfqtdaK4Xbzyk5fw2S98DstL6+rkA8GQ5iccUM3eWYTX7UJ8dQVfOHFchIZiIdvjfVV0nxToOFerScZt7dn4UdhDHIweJ+yDbC6nJn9sIvlUGlUKNztwul1wejxwh2Oo9vWh6fTjzLmzmL30Hmb2H1DV+OzvfQHp9RU0tzq49+hhREIerG8kEfC4UW/SHaiMibFB+N12jIRpvmNIIP1cDcI9LHG7xtG6RsTBQr0hpRQs08n83JYzENXARBSy1bqet+XcwlKX7qGj4YBAs/+vNjIMPp7ZZNlxosi7RXJkqZKA6nYHcyt50WpJmWRvwMXgIpLDxMH9TknARi3ocGBpPYvGthXvvfUuhseGMbFvGu1WAwvzKyjmixpocTIoC29aLpVK+PQD96Jbr8ihLp3PI7GyBrQZgecSCcJGozN0pGuJBoMIO109x08LMnw4FivqtA+0WjF1z154GYc0NoG2x49Xz76Nhfm7qBXSQgYq+TyGxifw2a/8kbwV6eTAqnJ0MIrrd5aRLxYRiw7ofowG3EKKZRdLxIB6RjJdds4p3hcKKWPQmpk17VCrKHXj7ubzzcla0diXWH51845m6n7iKD2tuj6Y3TCZdQ2jwXNyBmF4QqoU+LGbpQaSWTP/YHNvzFuM/YXdQUvtnQBJU6fJDM1mx1qqgM31JH75i1/gd1/4AiIDXtxdzGJzYxNvvPJj7Nt/ABvrG+ra2yRKN6r40pOPiTuVpU9XLodmPot6NqcdyJ+FiHKf24+poUFYe9mEVnbE/NkcdgRHYoJZeBRzPpMo1/CjM+9o97PQoMXSWCyMV176AQ4cOY7oyDgeefwJDIwOI+xzI1uilpEWfSYnZGx0QCZqIa9bD9b4OBj7jx2jf35d3lcsz/mM+VLSsFoQf88UmjC8sa2lJH0LlncXV7o8ggwnykAKBBK57Woc3LdJuTQOaOYM5AzCfMx6qYJSuSXAjs4JYnPX2SOY2DjOt1l19SyoZBXIH1cxcYUybt9cwtDIMDp9/Xj5pX/Q0bR3Zgazly9i38GjSOWyWLx6Ed5wgPcyfu/UI5ruccZRymY0P2kVK5oIbpFgbXfqFw76Q2ha+kDTwS51imG/SNYaKfRZ5Dj3/TfOoVErw+JwwusPYf/uXWhXK7g1dwfHTj4Bpy+Afnohutw4efoUapLI8ffuygTT47RJDGsSRE0a6o73FY/UnTmNjHn6rHCzX+JD6VFq+Tks3/mkuDtY9DBtwvLWnYUuuVdcXz4uXkJ8aPTkoIeTbFZFKuDI1KLjik1ZY7sjT6pKuYGAzymRKH0DuVvpbiMrE6VtMhvRfG2681ALQnI1kddGq4OFxQwy2QKyqThKqU3cev8yxkbHEA4FkMnm0OwAl95+E5N7DyC9uojf/a2nZSJZpx+L2IrbdB2Hg8mZnTY6NMSvVeAMR2GhSY0/ILEPBTy0CdxIJfHNF18UxSi9sYzdBx/AsQcfxtz5cxjkMdbZwt5DxxAMhdGxWnHhwnkMDI9jYHgQD504LvOcibBPD5dHNM0SyB6Rezu9h/lXh/oaohUWBEhbVUyFiaXg2cbxLSEZbgGeRkSzuUBOEjjOzC12vXbzkKUs6rOiSqs8cZXonEO/QG43k1LDncKhFL+gkndItacs2mZDulD5QP/X2TIXG6mV9B6RKWWTKQI0IrPj3NnzKnudbh9qlQLatSpSTFqbv6XGk4gtu2Caubx38YL4tSQr1CpFPHniUcxMjImER7Zgq01nhi6c/U71Ok6XU7wr0ogcXo+snvq2Wvr6/+Pb/0vHQKNchMMbxNj++3Ds2MOI374KXzCoOT51JZHhcQSHR5FMJlT6clfu2j0lDc1nPvkkRvxuWZvzxaTBNA8VDp/44vEYohaTL5+fmpSeFoVVHlnufHbcbU6eTD07dEE6vCp+du12N+p1GbN4+hSWDZWGcIiGJnLHsQiCZ51NSin1Eay66M5DfIn8LX4c/3AXEFmtVJsa9PBrcLEpAVOVBuCfXn4VhXQGk9P3IJ1KSpNH0/7E6gqSqxxSNTSncLmdWIvHkU6sKhzMHRpQgEwxk8TeyUk8eu8hMeGZL0KInh4pnPu7fV4tjIMeWxz6bDURX17AX/zVt9XYtptV7J85hOmZw3j/7oJcHiaHYshlaHHRxdDwKJyeAOB0SSv59Keex+3Zq9KX8E4YmxjDH37+OdoZ6OHyd+f5T9CSwGuFPVt7W4MvkhiMraBxy9BiADrudpiifL5qMXgkvnrtjkgOBkXlYJ4K1W0tCHlZHJOq6eIZTMURwUV2/F2+8cyVMnGtO7R//lt8swB/0CtsiF+H481mvY1GsyPLjRuX3sHN997FY7/zLLKZLIaHR1AplyVjW7hLMrThzXLUSxro4ux7aiDHZo4iubqAcDCIZCKOiYlpfPyxk9gmAZo1vJBcO1x+D5zMIemjLqSJy1cv4We/fBW1ch6+6JimjbyUnn76d5DKZLC4xjEALQJZvvdjYnJS08fFeAIzh+/Fynocu6am0GqUsf/gUfzkxb/C57/yVTz71KOi8chHrGsmkuzVGHXEO7a/ZxWoYDS2DSYpRHZRum96+SEm+aFHeP/+O9e6JEDzMmy0tpHaLAl2tjERJ2S8Q/iHlkWyHZcqyRSzXNmdQEp9UO+L8gM5wGp1LDIXoDL35//wQwTCAzh05H68+v2/wanTT+mBl/NZeMnKGBjCzSuXEAr6kUxuopBOKwAm6HHhzOuvIDw4juGJfQIb125fhi80IJEo8aBD9xzAsQOH0ObdRWCUvrv9Niysr+DMuTPi3zZqFWnWC5UG/OGwZAourw8fOv6wPodWUgwZI64XG4hgcnIvrty6IWhkZM+0msxTTz6OxGYCty5exms/+ym++sd/Cr/Pj6GIsWaf3jUEW7eGeo9GpSNIHvM2lFpmyMVjn1UqO3/jO2+ab+0WVq8/vni7y3KM1EjK0vL5uuAOjiZ3UpoVDilGBhu9rknWYXa4wwQD80+5Rq06o0St2Ezl0WhQVWqRG2ksNoC5m9cRHRpGOZ1Sag1blOT6mmhC5Pje/+AJzaoblYpi7JqVkqiduUIeFZIf2k1pzZObcYyPjtHpAOtLc8hTDtdnw9TMvSovc+mkmjB3IKzdsTR3XTsnGB3E7t17hNpev3ld9wpxsENHjsHv9UtSTeIEEWDurIHhMczOzQlmH5ueEQh56Oh9uj+rhSxuvv8+xndPwxPwolKuYmJqEl2LA+n4AiZHYtg7OQKPPyg3IO6EJncQ/St75ZPEpr2Mx14nbv7xP3/0Zpf/c2zMcKYo+eKRxfEjmzt24GY/GNkwV5kLQ4IZ59Zkxr/1m0uwewYkQ/Z6/FhbpfqpTwOoD504iZW7tzUft/Q74ONcwWZDKZMyNrLpTTSqNYyPMf6BM4GyKphKtYx8sSQG/vpmEu1WDbHBEZ3JjWZdR2civiqxZnx5Hk6vH4Njk9hcWVCsRmhgBAuzVwWdD43u1rQyGo1iaGgUt+duG414MCKUl+YCEyMx6VcY8cQ7JZnJoM9hGOqTu/eqymOz5Y1EpPBNxlcQjg4hNjqKofERvPS3L+LA8eNIzd9BbGIKL37rf+NLf/R1nP3ZT/D0s8/hEx87JVclTi05LfRwTM5IP/LEe4MriU6/88aVLp07vX4DnfNo0v+guYagEJOvxyXh8SWetpUdJ2Pw6LDWxBtvvo1kpigv32vX38eePVNweP2aY9+6cQ27J3fLj5dNWbGQE7TBjCd228SZ1tfXdYlzh/I8JcIq395KVeTkYikvuTJtKzaW5jC99wDylSpyqTUMD4/JVW5zbQGjew4gE1+W2Ibyh/jCLey9934kaXkRisJus2BwaATLq6uKY6WwlAsyGAxiYWUJo8NjkjX7GVy2uYl6uyNZwpGjxzA2uQ/+aBRWhwOzVy/gpe/9HT77wh8IugdjBLMZ46Rq7+DoY0/g3ZdfEYmbI94XvvRFPHn8oBhhHNky8YFwCY8zdvfsPzhu1j3zrZff7vJ85AXOh0bQj0N74kQiB291BIJxO4e8LiG5bBR5zOnsY85gsY4f/ORX+qUO3PegkgIGRseR2kygUS1jnb/s2Djiy4uol4vwBcIYikZQyCTFHucCt6U3sYodwsQ3yhb4NuWqNUnkqP3OpFMoZuLYt/cgWpY+pBPL4tVGB2IoFbLS9mnOYbebHqVR125p0Ja8rx/1SgkzB49iZW3ZpOz0u+F2uSRO4o7LFQsYCEfg93gRT6Xh9Hjx0EOPwhMOweeLwubx4DdnX9exNrprt77PT7/31/joZz6nauzQvUfhIEk7PIK3f/pdxJeXsf/ocZx67AQ++cTDppPX+Nl4qXC2U93awlIyK6m1UIf//t1fdUn9px8WAQC+xXZnnzi0VltXqZYRj1u9wU7Ez46/r4hdvcv89bOX8O1v/R+cevbTMsH3+LioFaQSccSiMZTKJdSKJdTLWbQZZLK9jamJ3eo/rl65hP17pzXWvT0/j/HBgR6PqoNkNscsZ+Fd/L5ctGwyDqc3oBEsF5ygJB86z1w/G0Ll8maEDJD/Rcslr88nI4NAOCa0WDCR1aoFoICH52Sj3tB8ZCg2qLK53+5CKDIImhclU2nUmzWNaz3BqCR458+8jq//yR/jG1//D3jhP34DW80qjpw8idW7K3j5O99WCf75L38Fzz99QqQ4tgkyDOjBJmqdSQeyQHbmC4kMLH/+43NdXqYkEQdDxtY7FKD5lg0xr6cHKvYIXb2sPa6BaWgMbMAehkXd73/x36DZseLRZz6GjY11xWYnaZFRZfyEQ31JOZ8TH4sX59DgEKzthoGkqYnPJNVXcA5BRStn2UyhYbAxKyXZnXNr09Nkq4lgeFCq2sxmXEQJeqpHhpiXu6VOnpBOZGhUvielQk76FNMxUyizJQVvJBhVMWB060yoW8fMvntgsVN6l0QoHMO+vQewTK6ypYtkKiWv3otvnVX/ceqZZ1HIbCI6sU+N5djMIZz/xStILMzh/ocfwb//11/ErsGgdqTIcTsRrbqWjXWtocqaYZblz374huIqaHEXCroR8vZjejCsY4kQgGiPPbOwHfid49EdWpBm3PII2cbN2Xn8+Z99EwcfOaW3kc3O6u330WnU8PwLX8bK2hrm7t7VsUIvXRLeDk7vkXcVy9K3zr+FsM8Pn4uM8hZabWavN1AoFbVDbA4nWoyzYGxQmx16GwPDE0iuLcocgG9bJDaoS3+7zcZ1Cw6PH4FQBJvxVThpbdFqameRxUJGfiQclW6eic1MxrkzP4ep6XvE8eJLytg+zt3p1DC3vKifa21hDl/+2r9DODYkf8c//a//GQ8+/hTm45v46Kc+i1///d+osvrMpz6Br33x09qxBueiDoukP4MAs5cT7rcTLCkq6Q/f6JLlMTgcw3DEhUNERXvpY2JC9YjOO9mzXCTW0NoZ6ks4595GmZrtRA7/7Rv/BVZ/GHvvexDvn/tn5Nbm8a/+7X/S4rIkTdOYP5UR4Xr+2iX81jMfN/zY7QYuX7kiB6EjM4c0v2+06thIp/VWcUE4DggPjKCQ3dQlyLKWMXWUkVF3kk0YiTYHVbSz8IdiMpMhjZLqsHqjjmI6oR6GD4m6QYfDLbWWsVvvw+rGmuw7RodG9Dkk0Dlc9KG34tbish5sMZXAM7/9MXj8fvS7fDh/4SIK5RKeeO5zuPDr11BNbuBDDzyIL//+8xiM+A1Nij2JuGHbuj/MggjxEf5lFgWw/OWvLnWL2Tym9wzh2MSwYnjMB+1wn3rHUs/hegc84w/GGDrOtmlkVkiUkN2I45v/9y+wGl/HiY89j3Ov/gCWZhXPPvc5g3G1t/HKP/4QEwfuk3EmZQaUD/A44lsze+OGopV2DTOiwolGmzLrsoY5xXKpF5Vq0x0QG5tEo1pCLkNSXlhSbNLHHNSEOOxoNrmAfaq4yJocHtuNpVtXZSjQ12dHsVjAyMgoCrk8woGQ7hA1hozocNgxHhuVjsSkqlkkWXa4XMjnsqjkU3js1Gk4XV7dUUQJzr3zNiYPH8ed828iFhnER596Cp/45DNy2lay9I67ne4uc/OKe8kmUUixifmz/PWb73e9HhsOjUbh6TUqRkAiOFPUfbM7DDrJfxLPEYjG4CyaBRRbyCcLyMXX8Z3vfVcPLzQ+iY3VeVSTcTz06OPm+Ot2cOaNXyI2dVBNIHn7HPwQJiFqW6zwaGpKhszSlw1hLBIVzb9aK/fmCBBKO3XPYRQUBGCR76/yZjvbYpywr6KXO/1OxAuw2XWxJ9fuYmTyHjWFLDkp8Cd4ms5mEA1HRM9h70MXBhY51N0zXIz9EwnU9OSlOqCcSeDBh06g3+6QSpcLPHvLNL6LN69hYnwKT5w6jWc/8TTsLrMYvBaUtN3rzNlz8YTpuVj3QBXA8qMLN7rDASfGue134A89boNO8UHq4vmAqW0cPvnWckFosVEsNFFOl5HbiOPln7+Kpfg6bG6/3vzRwZipJMjF3WrhvfNvITo+LYRX8+atNkr5tOYVVALzzgoHAiiUKoiGo+ZIbDX0/dhN8+M5x/D4I7BY6X3SFBhpd7tEISKSTNwL/FrbHVSqJURi4+hsN5FYnceuPQd1XBgPeAotzTiJ+kgGNHMARuicVRRZk4HIoPSIW+2G8XcnyS2XwuEjx3SnUSvi9IekpuJdlKMl1b6D+OpXv4ZQxId+Zq/bSc4zIWE8vmRxxee7U6KqfzDpDZZ/ujHX3RsOiv0nSwohsoa/ROEn/1DMqIDfXkW1cwmRhUI6D+UH5UwF+cQGzv7mLC7fuImOtQ/bJGz7XCIssGhgE0gkdvbaLJqVgkJ/Oa7llk1urAnaoBE+hTLsLRRSJucdbmnDNmG/RPag1xeCJxBFMZfquWH70agWjPElUw0s/XA63Ugn4xjetVdVHBeFpSx7DmJ3/E1ZUPCFIYMgm08L7uexncrn4fQFpRpmj1DMbqKfM3BrPzqtKvYfvk/3VyGfQTAc0+g5EV+XlvLDD5/Axz/+SZW9Nlcf7DTbcXJRuFtMVr2yD3tw485gi2eu5d35pe6Qh2NIWQp+kDVujJV5gRvGuSB0/jftGPPGM1tWYfWlFsrZMgrpTVy7fBG/fu8iLNttNOxuBDwOFNJJxIbGkE6uomu1I5/JoFUtGKsl6r19AZMPpeBFu6w6djwUjd87dyppP9xNtFJyAH0OVU0sAngfbbGqIg+FtCAbE6770ajV5MnIIEw2e816WbnnfFDGpYcNL9QvsdkTm1FiHjM8Kzfr5qXgAvr8qBYL6KdlLef3zQYOHHkAywu3MbprSqwYJu5wV5948AGcPv2kZHEk2fHYcrj6hXzszD0omeaLvZMgzYKFa2CZiye69h7FkgvCBnCnz+DsgIsi++2eYEau0GQOKkqvi0aVPrZNVHLGu33p7m38/Ow5GbrUWaW43UiszGPPgSO4/t5ZuINRNCtFPRSXN4Atil/a2/J6z6U2dUFzx3A2wR1ERZPJ3dhCq1WXYId6D3dgQMmflWJaKdSE6bmDBOs46fpmNOh8sSKxEcFxS7evYNf0QSmklMUuapApYDY2E4hGY9pd9GEhkY7EbPqYUCNYKJaRSSfUkHKxa8UMpmcO4ObsNUzQRZV9jWIGLTj94ZM4fO/9YjPy5+rnDnHZYOffDjqEG0hKo3AeX70ZuxrthfimjjIeV5w381wVvq/gLB7DJulY6To0w6eVn/i11K53UC+3ZFRfr1RQyWcVef3a2+/I45CQM3/p3MYSIgNDyObScLl9aFOLbqd3YlizAe5fJkdHYsN6WwvZFLzeAAq5FKIDwx8w2VtEibdbEv8MjO5Bv9OLUj6FrXZLgpo6jyxqDxkG4/Siyclnh+ZhMS1WMb2BYCRsIr9pqdfHZLY+pHJpxKJR8b74+/KI5MPlgpN1Yu1zIJVYw56ZQ5ifu647KZ/a6KXabSE6NIZGu4OAP4CQ24GPfuQjGBwe+cA6ila5dhdjOGyKxeCi8MhS8rauD2Pjrl2yuJHkIW0cBfrMasnjSWAipbscMvUWhTZC6j0Yh72NdmMb9VJTaC2ndrVSBrnEBt68cBkrSwvYtvUr9aCYSegb2hw0lrSI18tFJrnA5TH2FuQn8TjiG0iWCY+PbIap1EblyoESO/RKpSDMze2PIDI0jloxi2azrgXm5zFdgT1O12Lc4vj+Oz2kxTJvvY70+jJGJvbo6FVOiNstSyXKnuUhryPZMCqJLuhNZpmcz2Jiah+SiTVVbWxEC5m0Ft9qc2g2E4kOIBbw4LdPfwQev88Y23ByaadHpEuZJ9opCsDhszYzkJ1cFsLxlqX1za7xGjR3iOkDaf1NMYlJVtZ9QY8qeaKzWjWE6maFDm414UhkqLeqZZSyKZy5eAWrywuwS9HVywAAA3FJREFUuH1YXbyL7Tbp/B5zhdHca2BIUDdTEFSa9rCdtfkb2LXvoIZTVRoF2El4M+AgdwHNCThR3HPgPu1ehYjRMKack3yAzaLVsqXFdnqDehlIfvYHo2htMbTFhmoxi0JqHeN7ZvQwmE1SLhbVve8EzReLWfiCYaMbZ/VDvhR1HS6XTgIeItlMSuoqVpx0D5K/8OAohvwePPP4Y3D5PLD2Ew8zAQIsCJjjyOLG5jBpEvI2sZhMdR61HPhZFtc2tCA6T3sLwjuCfCUuBimmmpG0GXDSEpuEoB39AZuSCTRUdpI/1SJFp5DH2ctXEF9dhsUTxMrSHe08ktDcvoA+1644CbuQWFrz8WpjVTd3/QKmDt6HQiYrBRVLRdpZ8BhtNSooMVKPRxNT3jw+vaWc3TTqZdjs1Gg09VKxO7f1u3vNoRVujx+1Bn1UDCdqq1UVKDm8a1IjX9r58VKXfyMN25IJxIbHVe4SRSDuJsamx4NqqQQ3C4QGGTd8acwicaeEBwYR87vw9MmTsuPgPcRKjLC8rd8ptj0XiB/LhpCkEr4E1KAwZY6se8vCalxV+U6MHOfgzBbkA69V22hU2wLtqI6VdxUrLPJRZQvbVK+x3fMhaRLnLxZw9vJVgXAkCdB/16pOlG8CU8/oJW+sVoORkBaHsEcftrG2uqwHwbEu+wcuEu31VhfvaOdyHq7ewcWqcBvtWgm+QAjpxLoaSwaHMfWakIvVZnoEuiugaxNR2xcY0FvY7TRVGNBcLRSOCkRUkrXLKy0jm1NO+zhpVOijXoiqhEbRaBgZmhrQ656NqcMhiiy97H3+EEaCPjz14RPaEeQNc1DHIkIL04sC5CHEHcmTgS8dnwt3CTWXlvmVde0Q3hoS61Ml1eBimMuafFgCalKxap5uMCyFxrNhky0r39S25g8cPL1z7QaS2QyzHVDKJDSUadaKarbId/X4SIDgURIUP0rh79SCy2OlT15W9M5l75DPbGr86vaE0KUNhZWOnm20Smmpplgy18s5lCt0RrVrskjE2OUNCvRk9FBfnxN1mhV3OqrOmARHcLFRLphG0m5XYii7brJfSCEy0ajmwuXRtrl0F76BQX0uWzuCm9VaQ9ViYnUJdo9PniyTgwP4yCMPG6I3L2t28z3TZiEEvU6dvy8vcVZ1ssZitvu/FBL/DzyPnj1lUDGQAAAAAElFTkSuQmCC');
INSERT INTO `users` VALUES (3, 'aaaaaaa', '$2a$10$isx1sxAuZNoUjHDiwAGDuu.1d7jPIcdQF/2j/0748pocukOyAww8O', NULL, NULL, NULL);

SET FOREIGN_KEY_CHECKS = 1;
